stock,week,model,R2,RMSE,MAE,MedAE,MAPE(%),SMAPE(%),QLIKE
8382,1,LSTM_stock8382_model,0.6471267297323653,0.0006023604071633828,0.0003980047281964174,0.0002528454606369521,24.016344004652616,24.42759411930704,-5.460065634352534
8382,2,LSTM_stock8382_model,0.5291122457870077,0.0003716950983661104,0.00024861705312308863,0.00017659467785220706,21.20553205964281,21.44552691791964,-5.8095823923648275
8382,3,LSTM_stock8382_model,0.7882527422506327,0.00020677239316443672,0.00014689507825083807,0.00010973799059707688,27.10884317186173,24.67866627005898,-6.466615131449523
8382,4,LSTM_stock8382_model,0.8005404532871692,0.0004933078629914864,0.00033644447381857973,0.00024003905327087452,19.90985068107211,19.64204034520009,-5.4214489437028925
8382,5,LSTM_stock8382_model,0.48182723876881817,0.0002846684203727551,0.0001904367620215936,0.00013024160689712602,23.32459066518174,23.34668309085652,-6.17281802665933
8382,6,LSTM_stock8382_model,0.6523439427851674,0.00023753808320314265,0.00016777658150964088,0.00013342366094206033,23.062097119651035,22.07176693672543,-6.226281341238701
8382,7,LSTM_stock8382_model,0.6131010192090927,0.00021036224269595441,0.00014130313412552916,0.00010669508320467153,19.372227728617155,18.991687687785898,-6.24910917610738
8382,8,LSTM_stock8382_model,0.8580258566212868,0.00042649014289296197,0.000313818359379946,0.00023307068648140562,15.541633757754605,16.5007446058147,-5.278868005389638
8382,9,LSTM_stock8382_model,0.8879788533076728,0.0009008572193295326,0.0006573590932456388,0.0005011242988056676,18.465337358411258,19.270615878464685,-4.713562743711871
8382,10,LSTM_stock8382_model,0.6083183189463691,0.00032909724377964847,0.00023787357700070532,0.00017815060001211006,18.967887581967016,19.3306121553052,-5.709281354214152
8382,11,LSTM_stock8382_model,0.5791021214067259,0.0005427893284478585,0.00029417813965750846,0.00020700541070236346,19.88730838190123,20.181763812480032,-5.579399106765447
8382,12,LSTM_stock8382_model,0.684538622987257,0.00034837781070293396,0.00026269170366065953,0.00020608693729253945,17.439490181387203,18.203890067649482,-5.5385873218415105
8382,14,LSTM_stock8382_model,0.749794814675505,0.00018372876351800045,0.00014143437129458475,0.00011585184994215869,22.860451996308058,21.763616667912924,-6.33736664105379
8382,15,LSTM_stock8382_model,0.47453488149899326,0.00022881714826677606,0.00016606579524940262,0.00012828346338990447,21.679657150053334,20.71858631395719,-6.135690594429291
8382,16,LSTM_stock8382_model,0.6148882826603945,0.00022335662075243597,0.00016336366752144678,0.00012465836202959194,23.201785021262072,22.26216217807166,-6.246937827177971
8382,17,LSTM_stock8382_model,0.15687505308312055,0.0003059493930624469,0.00021565499589367776,0.00014829507176894214,20.623936149416018,21.463423342919494,-5.923174611934781
8382,18,LSTM_stock8382_model,0.2742158312117623,0.00022565350194009032,0.00017004449247136564,0.00013708998074921016,19.58408452724935,19.601480430299457,-6.065251491936688
8382,19,LSTM_stock8382_model,0.3714598025774587,0.0002553862383359843,0.00018901362583434382,0.00014513008030578442,20.290234408947192,19.570178530356213,-5.946435844426409
8382,20,LSTM_stock8382_model,0.5888565688355892,0.00022031441579856565,0.0001556137144289444,0.00012188725040128192,22.386709251262644,21.211008557102957,-6.219693829666019
8382,21,LSTM_stock8382_model,0.748105462424018,0.00019206497221096948,0.00014225902948934157,0.00011956598198164224,23.870374689215193,22.25517744252092,-6.367632006379333
8382,22,LSTM_stock8382_model,0.7824002896124198,0.0001945201294639661,0.00013890144787094975,0.00010969257928060118,24.08201957913533,22.840138230917873,-6.424568739238746
8382,23,LSTM_stock8382_model,0.881645180943538,0.00015712169278774875,0.00011890452560670635,9.178673668259926e-05,24.259780694790976,22.46391898785643,-6.5451512593434735
8382,24,LSTM_stock8382_model,0.60178774536448,0.00022473907239259081,0.000160796890816374,0.0001270092871198769,25.22053559781722,23.17483502000501,-6.283772622504079
8382,25,LSTM_stock8382_model,0.6611209924527387,0.00022291937071159618,0.00014963184029733755,0.00011765237957216666,23.38150077366493,22.056173952997742,-6.326439160406142
8382,26,LSTM_stock8382_model,0.7672342777297811,0.0001895689569474366,0.0001406392191477382,0.00011389744259119005,22.469975272806543,21.960741871281762,-6.356625613550195
8382,27,LSTM_stock8382_model,0.8919612456171568,0.00015559383521094092,0.0001245031981585483,0.00010295996185675482,27.404961157207293,24.510657616062076,-6.578205280318236
8382,28,LSTM_stock8382_model,0.742490586068347,0.00020882927559228513,0.0001444221251687398,0.0001080259439500491,24.0638976497535,22.82686168444858,-6.377791361661316
8382,29,LSTM_stock8382_model,0.8698563161427186,0.00017674791544942887,0.00012762692406760844,9.436289796537585e-05,26.593365073101253,24.727225784851054,-6.597871909419405
8382,30,LSTM_stock8382_model,0.6053644007879531,0.0002125245178870763,0.0001534675648459012,0.00011786288638310417,21.645377491859396,20.89623424410285,-6.237926237683171
8382,31,LSTM_stock8382_model,0.8681696714018284,0.00018894852090774926,0.0001329569964838539,0.0001095533720277662,30.937393688900176,26.59203901876939,-6.64240341060959
8382,32,LSTM_stock8382_model,0.9080767559580768,0.00016015561831308366,0.00012193975910595301,0.00010255457733152778,31.488598636321484,26.81469083098882,-6.698407114589466
8382,33,LSTM_stock8382_model,0.8592234628424853,0.00017595142790453484,0.00012852644255106915,9.916462231701137e-05,25.4954062328767,23.810888467705592,-6.545774211853473
8382,34,LSTM_stock8382_model,0.9543958370280823,0.0001161974376835866,8.876902838128244e-05,6.78513447584478e-05,23.843816228770915,20.937165400907986,-6.764916120334295
8382,35,LSTM_stock8382_model,0.9150429291460095,0.00016931745405865875,0.00011646812024086926,0.00010089739141335867,35.05024580330043,28.646002781979114,-6.823468183166922
8382,36,LSTM_stock8382_model,0.8665792631021729,0.00018378369005610498,0.000132035851074333,0.00010602121286782193,29.67226890098952,25.95206696628793,-6.62083972599136
8382,37,LSTM_stock8382_model,0.765978172336778,0.0002526629993672236,0.00014871298162021657,0.00010475110531911182,30.10980873378728,27.315767641799425,-6.595909464041592
8382,38,LSTM_stock8382_model,0.8908118363547013,0.00017318849027763783,0.00012010881683523913,9.129578333671927e-05,26.586132694576886,24.300851592322235,-6.667159504300914
8382,39,LSTM_stock8382_model,0.8032222185041975,0.00018155491994762194,0.00014126031563705356,0.00011580459160753106,25.60411856478683,23.357564884072133,-6.416933524852393
9323,1,LSTM_stock9323_model,0.6972439366541208,0.0001540138193791169,0.00011168426467029825,8.106429770629944e-05,15.365461251442305,15.566095620738524,-6.25358006673302
9323,2,LSTM_stock9323_model,0.5665919742791092,0.00015101300876801615,9.966645645738544e-05,6.929231584319951e-05,15.560229457483613,15.773829650192251,-6.429607827660422
9323,3,LSTM_stock9323_model,0.5525162315613831,0.0001019416495962488,7.416685179589805e-05,5.736345762144863e-05,15.083468740631547,14.786150460934191,-6.610224187190835
9323,4,LSTM_stock9323_model,0.8769907179848843,0.00031161327506156014,0.00022312901080427308,0.0001650636783872772,15.8918440379198,16.550355409790598,-5.633264139410955
9323,5,LSTM_stock9323_model,0.6335517439781813,9.187125350666184e-05,6.913067437556114e-05,5.7821215862892964e-05,16.605193085731877,16.05798034871544,-6.770583592596427
9323,6,LSTM_stock9323_model,0.7941868533305214,9.245429675362559e-05,6.705063949130406e-05,5.244334337152715e-05,18.992591070232066,18.049315596258296,-6.925496936730633
9323,7,LSTM_stock9323_model,0.3235116926485041,0.0001396876450790468,9.612028014210943e-05,6.515846444462756e-05,17.92793651165345,17.8035914269493,-6.557082820915379
9323,8,LSTM_stock9323_model,0.8638669608646223,0.00027205475334287873,0.00018078257337873473,0.000124684694708533,14.636125596708633,15.597643272444733,-5.8018243284308175
9323,9,LSTM_stock9323_model,0.9113142834741288,0.00021677590393807183,0.00016125085762847,0.0001195373102275836,13.299188212813537,13.801959903948713,-5.7658957425781825
9323,10,LSTM_stock9323_model,0.44536266504859234,0.00013557513563796137,9.746623250495537e-05,7.476243131199876e-05,17.590058489519603,17.45177336130908,-6.511809541812449
9323,11,LSTM_stock9323_model,0.47337646263203703,0.00015797019757050453,9.710695533893168e-05,7.498142280116296e-05,17.601607217443686,17.15780399777921,-6.513089776415582
9323,12,LSTM_stock9323_model,0.49925365865242965,0.00014654086913490485,9.761305573059308e-05,7.314626310545898e-05,14.77022513119331,14.97068245080225,-6.357922322272548
9323,14,LSTM_stock9323_model,0.5515578081424273,0.0001006919402921069,7.273582375016464e-05,5.657140851014089e-05,17.312195726584466,16.848369476710758,-6.763815768949871
9323,15,LSTM_stock9323_model,0.8484711918778671,8.259993986802852e-05,6.108992618733094e-05,4.752580661816411e-05,18.94355928161294,17.73576154000393,-6.987139718171128
9323,16,LSTM_stock9323_model,0.6826735437527056,0.00011070753084682105,7.840734672616598e-05,6.45932869013097e-05,21.794131402889143,20.607208699308767,-6.900096501389285
9323,17,LSTM_stock9323_model,0.4230717226269347,0.00013039291821536136,9.21659460197987e-05,6.769702074862024e-05,18.9569374697531,18.496189335618173,-6.624333883894878
9323,18,LSTM_stock9323_model,0.48326931467421275,0.00010076923506928267,7.110757309639176e-05,5.3854242784192154e-05,16.066732578499714,15.61938643297541,-6.711621474411246
9323,19,LSTM_stock9323_model,0.7404083565568351,9.679971611616134e-05,6.110190469194238e-05,4.232304375547077e-05,16.003293945440163,15.528457829169701,-6.861587788796579
9323,20,LSTM_stock9323_model,0.5018853003582104,0.00012381277533806057,7.623329838191171e-05,5.140644263769854e-05,17.762980788483617,17.08907311601609,-6.7543435095350945
9323,21,LSTM_stock9323_model,0.8453046367761311,9.923603272654125e-05,6.375622223882457e-05,4.5423620263224655e-05,8465.86573104169,20.867534444572176,-7.115147492512379
9323,22,LSTM_stock9323_model,0.9142927987801496,7.797988611230246e-05,6.051333309406771e-05,5.0648485969248384e-05,27.38611230740674,22.89112640169849,-7.215477575501992
9323,23,LSTM_stock9323_model,0.8788218424500644,0.0001035679928746945,6.380637366644043e-05,5.080904728532711e-05,6798.17163516653,25.35276034816426,-7.311815077670235
9323,24,LSTM_stock9323_model,0.514700908775752,0.00013544247952178707,7.718966489685595e-05,5.613183745770725e-05,17.043598459675085,16.71756879534633,-6.74618917425688
9323,25,LSTM_stock9323_model,0.7227098618819352,0.0001680382817939776,7.087200530155743e-05,4.698859878986896e-05,6299.801160359735,24.571710440667744,-7.265124072443497
9323,26,LSTM_stock9323_model,0.8764651750464825,9.634156915701577e-05,6.758655101708636e-05,5.917496604326367e-05,11576.292953889772,25.271260013086255,-7.21983492193323
9323,27,LSTM_stock9323_model,0.8070479047934369,9.836867463191844e-05,6.978494059950502e-05,5.556495561599841e-05,21.993869421730924,20.118972627364585,-6.995300865179331
9323,28,LSTM_stock9323_model,0.5773749263128791,0.0001125233611555877,7.700534713738813e-05,5.477014096674635e-05,16.5166314998037,15.905597619284514,-6.672378623695745
9323,29,LSTM_stock9323_model,0.8351034215178713,9.48914972424785e-05,5.864907440680241e-05,4.504561016270309e-05,19.634374606476094,17.91901377608051,-7.065925009800597
9323,30,LSTM_stock9323_model,0.8168145354387011,8.510682327531319e-05,6.157029291025684e-05,4.8332210633168294e-05,18.319441816002513,17.27035417038949,-6.939249978203721
9323,31,LSTM_stock9323_model,0.9260324798744741,6.756428269756977e-05,5.099866318455405e-05,4.129929360698696e-05,18.940028868960386,17.402532393940863,-7.14115452840438
9323,32,LSTM_stock9323_model,0.9251510781253081,7.634767829116002e-05,5.710096036678093e-05,4.710161946995761e-05,26.480905969787543,22.097791539355587,-7.263084051414071
9323,33,LSTM_stock9323_model,0.8512796675958634,7.525964264141947e-05,5.81824201685424e-05,4.998653968865021e-05,16.984546488803524,16.04370572470833,-6.933112133438147
9323,34,LSTM_stock9323_model,0.9230926300995279,7.045570950791084e-05,5.128065591878939e-05,4.3813779300437084e-05,19.87016829537259,17.80682623461099,-7.167813607549521
9323,35,LSTM_stock9323_model,0.9277739850221596,7.381985076880334e-05,5.553100468090084e-05,4.320205267432471e-05,6202.079459073206,21.411466766577938,-7.245535195292099
9323,36,LSTM_stock9323_model,0.7463005116403996,0.0003223983414243623,0.00016635731439103532,8.916637345819645e-05,18.90314788072184,18.977270434829023,-6.2645093047248395
9323,37,LSTM_stock9323_model,0.504744339500486,0.00010452438600733213,7.255153684846196e-05,5.603399440855562e-05,16.033505329137178,15.638827805754559,-6.70689271174031
9323,38,LSTM_stock9323_model,0.817842442857758,0.00010066842380760996,6.59885022277181e-05,4.9730974331680874e-05,22.584721812969526,20.23141962728485,-7.049104023053745
9323,39,LSTM_stock9323_model,0.4621398068138626,0.00014546958337916316,9.040830556192542e-05,6.827919641027322e-05,15.30178971310617,15.5895175718271,-6.502593085091046
22675,1,LSTM_stock22675_model,0.25722116453020016,0.0001603176696087251,0.00012045809179995681,9.740017344904447e-05,27.0348197396808,25.824402355988095,-6.696272312911986
22675,2,LSTM_stock22675_model,0.24523307252410476,0.0001312310568866541,0.00010086418721971356,7.98066637963632e-05,27.275231902741652,25.06171736035482,-6.816503262572009
22675,3,LSTM_stock22675_model,0.6536828984453602,0.0001091055550720619,8.594545204322119e-05,7.34930925532702e-05,40.09960230176131,31.427465296141328,-7.199363288460763
22675,4,LSTM_stock22675_model,0.5785137643218158,0.00020276685536255553,0.00015625353645718398,0.00012544822638525495,25.69166970780481,24.444261497151544,-6.3625808557933645
22675,5,LSTM_stock22675_model,0.12040559731897416,0.00014419217999869457,0.00011356805563642436,9.467340614099644e-05,31.035522915096625,27.404517338026128,-6.77923414027233
22675,6,LSTM_stock22675_model,0.6769578226463945,0.00010041563896181966,7.773597546369026e-05,6.410397572882912e-05,34.810938519725596,28.14817527865836,-7.175969009160278
22675,7,LSTM_stock22675_model,0.340837069572553,0.00013268530480293455,0.0001020021418670095,8.317477157262148e-05,34.98316733729617,29.030898445206066,-6.941306209948599
22675,8,LSTM_stock22675_model,0.6988668573820925,0.00026741851721957257,0.00019791913461087815,0.000151951795149841,24.071317906741616,25.17073915151416,-6.119290514824953
22675,9,LSTM_stock22675_model,0.7693529070220905,0.00036859985224322456,0.0002450517601785289,0.00020123269434447512,22.54155815459819,22.952373400731894,-5.864186495546065
22675,10,LSTM_stock22675_model,0.25977173182992874,0.00014658848785892856,0.00011034901035731315,8.84375813454694e-05,27.906752993195294,25.854170456108676,-6.746284691513663
22675,11,LSTM_stock22675_model,0.4357354513935342,0.000165687482866187,0.00011197938661192685,8.426858099372863e-05,24.207920302244418,22.85560534735027,-6.657656757074951
22675,12,LSTM_stock22675_model,0.379174728589985,0.00015878660390340963,0.00010918854968931068,8.842047054370358e-05,20.828085400288053,20.69398961554961,-6.570218112443304
22675,14,LSTM_stock22675_model,0.5596238929243654,0.00010910779253550344,8.449951697402926e-05,7.361371986245488e-05,32.19167876939788,27.59134462143196,-7.092392594143706
22675,15,LSTM_stock22675_model,0.6741929304522656,0.00010765780521091296,8.064225728258387e-05,6.848533890778914e-05,36.31024804500606,29.176526684887623,-7.222045696688455
22675,16,LSTM_stock22675_model,0.7281323855364445,0.00010283703127683476,7.64817837630798e-05,6.771019949936233e-05,35.50352589534659,28.850344861518856,-7.268219519528757
22675,17,LSTM_stock22675_model,0.3841613797113791,0.0001414074140721564,0.00010931847407819639,8.802986662042478e-05,27.72968814592532,24.889941622436194,-6.741564015958453
22675,18,LSTM_stock22675_model,0.2361347300219313,0.00011859716138779854,9.39017572973758e-05,7.896906346737534e-05,28.507675168877544,24.65973606191428,-6.86281255601555
22675,19,LSTM_stock22675_model,0.6347880684307653,0.000104597988017852,8.27605220040401e-05,6.627169527403755e-05,36.79770672055658,28.842399175596324,-7.111679230647025
22675,20,LSTM_stock22675_model,0.5463378833652561,0.00010208748831083579,7.787127070031272e-05,6.370238423796605e-05,28.32859270546329,24.363195793334803,-7.056292192251671
22675,21,LSTM_stock22675_model,0.8033150478844155,0.00010059911832300561,7.320599399506368e-05,6.118427779740764e-05,45.48887440973166,33.1597048674235,-7.430912755165592
22675,22,LSTM_stock22675_model,0.8327745363668629,9.009449247845683e-05,7.277889949124914e-05,6.534341898886396e-05,45.741435544069766,33.25096726045903,-7.433098040215308
22675,23,LSTM_stock22675_model,0.7618518503219366,0.00010652448804594292,8.177879227749552e-05,7.331791965073106e-05,47.75775921262275,34.44399027745172,-7.365707149193385
22675,24,LSTM_stock22675_model,0.5120599908676104,0.00011188095888306044,8.765667208777262e-05,7.316117800643292e-05,32.02773947094851,26.95242036464603,-7.029506593512441
22675,25,LSTM_stock22675_model,0.6171237958358141,0.00011781858004686913,7.926837738434646e-05,6.194474186402043e-05,33.9241965317421,27.71551751503879,-7.198628563099434
22675,26,LSTM_stock22675_model,0.7567150081257195,9.177051860919523e-05,7.265005709052408e-05,6.046645299788734e-05,35.4629143678264,28.313081818084008,-7.259546020596096
22675,27,LSTM_stock22675_model,0.5873688168700912,0.00011347227982757447,8.78354353999564e-05,7.453170318592151e-05,33.868067572924005,27.812894968258018,-7.047234530616989
22675,28,LSTM_stock22675_model,0.3893478528523283,0.00013394341461986988,0.00010193245728285617,8.386061309199324e-05,31.11958263476196,26.920350211785422,-6.884632734760291
22675,29,LSTM_stock22675_model,0.6926642889734689,0.00010181599327687157,8.193071226201502e-05,6.785505177223412e-05,37.80104765048444,30.505998772261616,-7.220922853886772
22675,30,LSTM_stock22675_model,0.2836934371666737,0.00016337335461819082,0.00011731015795041134,9.150595245806256e-05,29.98759741809087,26.119881806567836,-6.73936011321245
22675,31,LSTM_stock22675_model,0.7940874507542659,9.563503805794753e-05,7.671228416060388e-05,6.917375166526421e-05,41.128937255831175,31.69083734765426,-7.349855139459758
22675,32,LSTM_stock22675_model,0.8835763524644608,8.030004051711077e-05,6.607615435629436e-05,5.596049183615053e-05,55.808054609198464,34.14248334114813,-7.531499092701174
22675,33,LSTM_stock22675_model,0.6900230721888987,9.440461650906138e-05,7.460160843817244e-05,6.666308724380651e-05,31.843638756705044,26.391545937568278,-7.155503102089893
22675,34,LSTM_stock22675_model,0.8352494561166937,9.495097657525986e-05,7.707189105285983e-05,6.820117828421486e-05,54.052115676966665,37.06639056273758,-7.496711701602755
22675,35,LSTM_stock22675_model,0.7823030704085879,8.994562760997662e-05,6.62203411785215e-05,5.173853901756597e-05,31.57538673237601,26.019007226557466,-7.277669481096312
22675,36,LSTM_stock22675_model,0.5681163275017374,0.00011039935230025795,8.336465363207668e-05,6.708125415450441e-05,34.37738292025803,27.74432387135531,-7.091977936016002
22675,37,LSTM_stock22675_model,0.48376006058235277,0.00011134934194424054,8.55956384892466e-05,7.111680051470585e-05,33.84443628863165,27.398228384807577,-7.053298557292734
22675,38,LSTM_stock22675_model,0.6876519869605868,9.96020679207298e-05,7.828529154461052e-05,6.944148246630413e-05,35.56679652095099,29.028246418296895,-7.210054258828095
22675,39,LSTM_stock22675_model,0.35385179109127596,0.0001358223633603445,0.00010178373493832934,8.410926113942435e-05,29.905231198062797,26.41640559619442,-6.869826790858599
22729,1,LSTM_stock22729_model,0.253631586778132,0.0002290204899003774,0.00016742701048769944,0.00012345597773301536,39.455017417750106,33.52522128221735,-6.5780436358581165
22729,2,LSTM_stock22729_model,0.25492566371161507,0.00021657765466580087,0.00016448649627527845,0.00014172269925725553,47.28582917599319,36.18790133708696,-6.627923369905373
22729,3,LSTM_stock22729_model,0.1830598912188982,0.00018526365342544845,0.00014257382076514802,0.00011530385042737714,62.123744755450396,39.942567561401034,-6.874277757286073
22729,4,LSTM_stock22729_model,0.6067194494299883,0.0002992126730116485,0.0002217721525286438,0.00017092855936556546,30.923410391743577,28.53285459403812,-6.14613638447538
22729,5,LSTM_stock22729_model,0.1416863214766243,0.00018765978502162996,0.00014405295225883058,0.00011899094308713743,50.55004997565311,36.519670128116466,-6.791136610642497
22729,6,LSTM_stock22729_model,0.2427250506422548,0.00017235788490684842,0.00013086387630660903,0.00010219310925851532,61.22581510519625,39.84992891409905,-6.958883656634804
22729,7,LSTM_stock22729_model,0.32666122585857904,0.000249031801671895,0.00019296848063258016,0.0001572914772450727,51.645411080612504,38.3426904443664,-6.518005393818767
22729,8,LSTM_stock22729_model,0.6456288810378423,0.00041443685807735306,0.00028725826448076886,0.00020406343978758237,28.99806046625487,30.105228117794397,-5.951538886675426
22729,9,LSTM_stock22729_model,0.7515032865559199,0.0003895525326765502,0.00029792103616282483,0.00023061422359226777,28.730690839526506,28.201862159756587,-5.840970027339818
22729,10,LSTM_stock22729_model,0.3395779958307421,0.00022249657864277256,0.0001657445268555577,0.00013276547811350906,36.804143044091745,32.01211573775808,-6.535365619252491
22729,11,LSTM_stock22729_model,0.4521416015968941,0.000221139442993904,0.00017108081263962353,0.00013863584201494403,31.889392718333465,29.30154634153807,-6.41306529809947
22729,12,LSTM_stock22729_model,0.3961262764670842,0.0001903540500478394,0.00014601130305263855,0.00012564336279252144,30.90472246679667,27.3415444077234,-6.497481999651452
22729,14,LSTM_stock22729_model,0.3915775842639211,0.00014189012792346976,0.00010724668257587489,9.410349462134288e-05,43.778979515103075,34.595528174118606,-7.06703822631419
22729,15,LSTM_stock22729_model,0.6252175006230213,0.00011866740629733429,9.061964962247821e-05,6.947455377297408e-05,42.40311669071192,32.148695514324785,-7.167485388195865
22729,16,LSTM_stock22729_model,0.31181874698022594,0.00014605453069582938,0.00011399737051502483,9.108006810928324e-05,45.35179145694846,35.00069784776109,-7.020279729874884
22729,17,LSTM_stock22729_model,0.3672740218818844,0.00017565344318600277,0.00012546102147699368,9.643382735749088e-05,42.816897134545044,33.10749834378516,-6.901485515781546
22729,18,LSTM_stock22729_model,0.2312857565070794,0.00016507276689646083,0.00013338426636443594,0.00011679770199188968,66.8115712580765,43.303148902223064,-7.007381868722617
22729,19,LSTM_stock22729_model,0.5643620095306822,0.00014961815300674846,0.00011740632071694011,9.648287548547643e-05,70.41666832686141,44.0368552512847,-7.207537304296211
22729,20,LSTM_stock22729_model,0.2639180671803849,0.0001752279036396014,0.00012834768383028248,0.00010169465415992642,49.37939110289444,36.850593645829036,-6.947336336385358
22729,21,LSTM_stock22729_model,0.7411211829345795,0.0001358369223544768,9.454975908399258e-05,7.65272740973845e-05,83.77684559292973,46.223154875524315,-7.495127392192948
22729,22,LSTM_stock22729_model,0.7052324364128968,0.000136321982672143,0.00010591606944642412,8.894208015497022e-05,130.84849197022658,52.024480818627225,-7.449735529583834
22729,23,LSTM_stock22729_model,0.7560169351272258,0.0001316969752773697,0.00010410465154063822,9.73839329944011e-05,102.6937291174873,55.187080625356835,-7.5670719517618
22729,24,LSTM_stock22729_model,0.5520355312651071,0.0001616175045024183,0.0001052417624878788,7.600577776843223e-05,56.70266961398275,37.599873569464734,-7.200800693951093
22729,25,LSTM_stock22729_model,0.6527797167378555,0.00016730464936391858,9.712284220241317e-05,7.977098043529507e-05,89.9809856512553,47.365548507139444,-7.574346035693736
22729,26,LSTM_stock22729_model,0.7533696486441692,0.00012043201088371324,9.139112337335212e-05,7.837932528461026e-05,64.3921988848611,43.242180020315,-7.455584021293839
22729,27,LSTM_stock22729_model,0.8181627414542996,0.0001181479619722956,9.737944045187453e-05,9.630254080528684e-05,6194.996572729245,56.95578505400266,-7.663134898780451
22729,28,LSTM_stock22729_model,0.5870545192824169,0.00015103291354763449,0.00011612130590830186,9.749160011658715e-05,113.04264667375948,48.27972447137824,-7.319960353921585
22729,29,LSTM_stock22729_model,0.5820603476944148,0.00013388665961321957,0.00010307620541460213,8.60566534502243e-05,62.05457536818537,40.64302154901633,-7.227500630875773
22729,30,LSTM_stock22729_model,0.6518681025207832,0.0001279669636505296,0.0001006504676737176,8.502635835379718e-05,76.51255038637255,42.011775952761695,-7.293646952590332
22729,31,LSTM_stock22729_model,0.6855160161059148,0.0001318267726642199,0.00010099091262530151,8.21668978261361e-05,80.10866649942633,45.5611891785462,-7.381313666897316
22729,32,LSTM_stock22729_model,0.8451294224530596,0.00011669153373870842,9.832154666460693e-05,9.59126681167352e-05,6634.8367337299605,64.23669462981411,-7.802311001144192
22729,33,LSTM_stock22729_model,0.49779650147345955,0.00014114730531385294,0.00010651798929298772,8.511246642868164e-05,54.24516323934796,38.349910262196396,-7.160026011378454
22729,34,LSTM_stock22729_model,0.6762401801650315,0.00012038415922456203,9.212005844342984e-05,7.288062638589597e-05,54.19404896213288,37.86263061749817,-7.3005764966839015
22729,35,LSTM_stock22729_model,0.7550993045201405,0.00011322982367045241,9.289560932750399e-05,8.201210797969027e-05,6397.451331248356,42.67120066208287,-7.394582627181924
22729,36,LSTM_stock22729_model,0.28186614647993136,0.00019366988911185675,0.00013415751256856898,9.840314115652118e-05,37.24629779322043,32.38208386219906,-6.789066423412111
22729,37,LSTM_stock22729_model,0.4073400948039694,0.00016370837927976722,0.00010103112330162178,7.734684775741066e-05,41.497176933300004,31.56704405820827,-7.0923962822384485
22729,38,LSTM_stock22729_model,0.5850548464486605,0.0001238398099596289,9.550652185347033e-05,7.878697153627976e-05,48.27556462725327,34.3782254969651,-7.169108198520484
22729,39,LSTM_stock22729_model,0.40293490214400973,0.00015846928111140515,0.00011519823306005268,8.185635269864516e-05,36.068508611837814,30.440663803911754,-6.896191577127627
22753,1,LSTM_stock22753_model,0.22650554481024066,0.00026682156472258097,0.00011571905883525399,7.357107804143446e-05,17.132256882017906,17.149507972122535,-6.4036191046196
22753,2,LSTM_stock22753_model,0.7106447504765602,0.00017251044384838728,0.00012736776917225952,0.00010420836499904748,17.404696759367518,17.545400917909173,-6.242192516000277
22753,3,LSTM_stock22753_model,0.48567603381295443,0.00011799486058455205,8.967467340428621e-05,7.055612397083652e-05,19.03907322778535,18.85046884609035,-6.654269507993116
22753,4,LSTM_stock22753_model,0.7278085724025319,0.0001835556627587218,0.00013025779894235956,0.00010092434687681168,15.298250181982404,16.549599014916264,-6.156892092026556
22753,5,LSTM_stock22753_model,0.5488640451579345,0.00011446644349678179,8.442802561484546e-05,6.927231616887387e-05,24.744619203467188,22.516232639886102,-6.87936553274239
22753,6,LSTM_stock22753_model,0.6630521632519144,0.00010315167798177871,7.098333101600024e-05,5.618502034606868e-05,20.632765108693732,19.518150467428146,-6.92657246530781
22753,7,LSTM_stock22753_model,0.44171712091514703,0.00011483327526806645,8.407712170753979e-05,6.831569367955718e-05,21.319109870998044,20.26610243382972,-6.800272500387287
22753,8,LSTM_stock22753_model,0.7662136501167046,0.00018541092813974762,0.00012794485147524313,9.29654522908425e-05,15.457252937749091,15.994824116650621,-6.17190690187843
22753,9,LSTM_stock22753_model,0.8304554714170473,0.00017278323442965036,0.00012671706140645513,9.580245427289879e-05,14.850820849473592,15.774469657947387,-6.139621908961333
22753,10,LSTM_stock22753_model,0.7306828729896563,9.326596777618532e-05,7.312992454922673e-05,6.205126211443449e-05,20.204711328239984,19.038723816181673,-6.873195786535276
22753,11,LSTM_stock22753_model,0.37747182887369024,0.0004559928358398288,0.00016012190296753605,8.427736523449196e-05,17.22727269876748,18.485937879997138,-6.284363139903867
22753,12,LSTM_stock22753_model,0.3762778867949388,0.00012939310599355654,9.044073596600767e-05,6.232483041439859e-05,16.33705168990462,16.581647979363836,-6.5322584475150505
22753,14,LSTM_stock22753_model,0.7975083446380575,7.284087663768794e-05,5.5047726893867096e-05,4.533621392938938e-05,16.185015880217186,15.702411833079552,-6.951417274932847
22753,15,LSTM_stock22753_model,0.7236235832723044,8.702180073685394e-05,6.237303498347382e-05,4.56777126684202e-05,18.47516008085694,17.102312470500234,-6.920561124622684
22753,16,LSTM_stock22753_model,0.8324925557254332,7.419241060122893e-05,5.6705904739786114e-05,4.62260653383264e-05,18.05916971769572,16.882512315979703,-6.999763029315233
22753,17,LSTM_stock22753_model,0.7133304693230419,9.395864520139335e-05,6.969299438122795e-05,6.028074539724893e-05,18.84790053306445,17.794963126519004,-6.866519722876993
22753,18,LSTM_stock22753_model,0.7738468027642768,8.504518103352908e-05,6.448480737101893e-05,5.225539905987368e-05,21.097017092213825,18.98991229481262,-6.981812722531238
22753,19,LSTM_stock22753_model,0.7925228501174764,8.18694602292541e-05,6.1711945504371e-05,5.221816068337982e-05,18.84363478542885,17.32226139949653,-6.952489770980569
22753,20,LSTM_stock22753_model,0.684511890459476,9.999029344175941e-05,6.969446041740913e-05,5.475336175092714e-05,20.820701352872227,19.003656403486836,-6.9354607277684845
22753,21,LSTM_stock22753_model,0.8515338602459328,8.14581674506826e-05,6.171932505827959e-05,5.1031004414481116e-05,23.671112827015392,20.818179852376794,-7.123076926567652
22753,22,LSTM_stock22753_model,0.9159819055760798,6.916212196141795e-05,5.2787559715935724e-05,4.5418199642902e-05,24.381965643759614,20.64050676442503,-7.257682537548438
22753,23,LSTM_stock22753_model,0.8387552863240157,8.696807195583488e-05,6.613415550298733e-05,5.608761539912464e-05,25.219659841968845,22.006141799558282,-7.1288702510075606
22753,24,LSTM_stock22753_model,0.5725343432619294,0.0001336447177944902,9.154431315054567e-05,7.440689677952494e-05,17.217123654884816,16.957294081077613,-6.557452655906036
22753,25,LSTM_stock22753_model,0.8425242120397058,8.396522418278409e-05,6.250079242189901e-05,5.1511496124278855e-05,22.804457612175824,20.314969264175293,-7.0997064874256575
22753,26,LSTM_stock22753_model,0.8886589734425762,7.394221533334387e-05,5.59822662612488e-05,4.65177444000764e-05,22.24216625251566,19.33652988625723,-7.17044605868784
22753,27,LSTM_stock22753_model,0.8307300681027943,7.645160713381604e-05,5.604882677253118e-05,4.1646735561397084e-05,16.905647369279876,15.877524616426017,-6.975381577213423
22753,28,LSTM_stock22753_model,0.617710216952573,8.559460620582506e-05,6.165812751003545e-05,4.9878975922128916e-05,14.809469902080274,14.277028205342008,-6.764219114384441
22753,29,LSTM_stock22753_model,0.779704649781419,8.13584932219043e-05,6.157901433316396e-05,5.063264508879195e-05,17.49734165863013,16.83487541334894,-6.925459582727928
22753,30,LSTM_stock22753_model,0.6707825967052814,8.490518442932086e-05,6.23777685291692e-05,4.697412504552312e-05,15.78129714615387,15.216940870122041,-6.823867167999421
22753,31,LSTM_stock22753_model,0.8165682243362062,7.644305078871658e-05,6.015044536284539e-05,5.2560126326343996e-05,18.133250267029773,17.109561871246846,-6.956870255946262
22753,32,LSTM_stock22753_model,0.8815141099916488,7.154429882153482e-05,5.5001390020235716e-05,4.426029724440429e-05,19.757074868106184,18.0062477444367,-7.100226567027838
22753,33,LSTM_stock22753_model,0.7417771282354669,8.731671354487789e-05,6.250002923203089e-05,4.987915426591168e-05,17.087695212320142,16.33074384055903,-6.913014192004688
22753,34,LSTM_stock22753_model,0.8816619672916657,7.211870948185989e-05,5.466040872325578e-05,4.5098824075268874e-05,20.463363750721623,18.502389983433034,-7.121270725273229
22753,35,LSTM_stock22753_model,0.8727885830401144,7.034380431467653e-05,5.5605041806672755e-05,4.64505207922506e-05,18.92450187230659,17.414297445887676,-7.049557027936634
22753,36,LSTM_stock22753_model,0.7283153195832881,9.481400265319627e-05,6.336806969638325e-05,4.765204477719932e-05,16.158892898448425,15.663247347308943,-6.84820780288024
22753,37,LSTM_stock22753_model,0.4459679594158895,0.0001325205239685743,7.251578464964724e-05,5.150882514620773e-05,16.724458603482663,16.24181780568933,-6.760863222867993
22753,38,LSTM_stock22753_model,0.8107100801963215,8.407286769189028e-05,6.19475053001191e-05,5.044068995422671e-05,19.36029275715787,18.157384203305487,-7.003012321596086
22753,39,LSTM_stock22753_model,0.6128165967659438,0.00012503044740079058,8.863201813595526e-05,6.327221289565967e-05,17.869764949043756,17.442181832302477,-6.604422116734762
22771,1,LSTM_stock22771_model,0.2651548736600734,0.00016426987854755898,0.00012422005517016068,0.000103131679542488,31.094373762396376,26.074036335084,-6.624380039655951
22771,2,LSTM_stock22771_model,0.22822139440624056,0.00024956810664014705,0.00016166837678857808,0.00012708939895091556,28.71424581842936,26.725352125548717,-6.433602113530391
22771,3,LSTM_stock22771_model,0.2919434559000291,0.00020028139139271285,0.000153196024578924,0.00011669255300841868,28.020310079918552,26.036686672565928,-6.4465998344218916
22771,4,LSTM_stock22771_model,0.4853966414899832,0.0002853472511039552,0.00021687232155720386,0.0001678165709092922,33.00932341430185,28.821906894926308,-6.1641954486868125
22771,5,LSTM_stock22771_model,0.21864286904492902,0.00020747975257495233,0.0001566024858627105,0.00012172050392024743,41.500450499063625,34.35659404278758,-6.6821138553397486
22771,6,LSTM_stock22771_model,0.544915940941523,0.00016935839322533333,0.00012713830807137616,9.314100970284704e-05,41.726896375897425,32.24464377045976,-6.845356342975075
22771,7,LSTM_stock22771_model,0.33406951024174303,0.00015690798914029581,0.00011942227640321615,9.030341704006995e-05,33.72922406940223,27.946901994111734,-6.732797133765441
22771,8,LSTM_stock22771_model,0.5968268403005184,0.00029705499243265807,0.00020879989579890976,0.00014679569118881405,26.203995735168462,24.768055171048843,-6.079419968394075
22771,9,LSTM_stock22771_model,0.6861458677625765,0.0004306190236391366,0.0002867796641465088,0.0002081152643938461,27.66127708297065,25.854976881234432,-5.836817649634408
22771,10,LSTM_stock22771_model,0.2757399528081633,0.0006599142702163565,0.0002091666057967799,0.00012557478666566928,25.99528660901186,25.254351506078475,-6.268969374731103
22771,11,LSTM_stock22771_model,0.2877906435315879,0.0002492437979109153,0.00016606425240964917,0.00011981641734394287,35.05326455374574,30.18982164609591,-6.517047111999085
22771,12,LSTM_stock22771_model,0.3484274457798119,0.00020055989961034848,0.00015295804460975612,0.00012511631265826282,25.937899526713498,24.405432403415826,-6.358032521211082
22771,14,LSTM_stock22771_model,0.423298188429591,0.00015011153576089696,0.00011082104647716125,8.977967611609579e-05,32.0194635275878,27.203399375756472,-6.77478042199726
22771,15,LSTM_stock22771_model,0.6158239852388854,0.00015571866595209317,0.00011671208834476381,9.206728570565271e-05,41.396756101798,33.2315434268545,-6.9546137532529375
22771,16,LSTM_stock22771_model,0.2682237328757444,0.00019248785359494202,0.00014689336795799563,0.0001182668497024479,35.16870629947598,30.725744685963264,-6.662754428280618
22771,17,LSTM_stock22771_model,0.15464804238399743,0.00022990347481940604,0.0001529716005671038,0.00010953145482948349,35.25582762903011,29.768644284837382,-6.582829841747753
22771,18,LSTM_stock22771_model,0.4478773452674427,0.0001312126368207217,0.00010249296861933775,8.542134889788464e-05,27.312136839644662,24.16383039164333,-6.758906476266617
22771,19,LSTM_stock22771_model,0.6053844942294262,0.00012824730563899565,9.806754200279657e-05,7.604780965863187e-05,35.72488672518447,26.09445791836289,-6.840133543438301
22771,20,LSTM_stock22771_model,0.43065402008403586,0.00016597492590822308,0.00011197145525890471,7.969251575659853e-05,33.817534811827976,27.527960030472993,-6.803191867491512
22771,21,LSTM_stock22771_model,0.683015556906239,0.00014530749921879522,0.0001011038314738808,8.129174442119249e-05,36.99968257293107,29.88759360148383,-7.008921868037547
22771,22,LSTM_stock22771_model,0.7300376415352638,0.0001286811199030868,9.938323740179985e-05,8.41817053521881e-05,38.346072146552956,30.23972299529313,-7.006956583147864
22771,23,LSTM_stock22771_model,0.8059490709920571,0.00012589701775964332,9.387976071944563e-05,7.875051109335183e-05,47.28631175993161,33.63092338714686,-7.187233802759367
22771,24,LSTM_stock22771_model,0.16506693305936837,0.00028448840597654107,0.00013291273153504056,9.332813893735107e-05,33.75066135796912,28.316093750008054,-6.7080463189531585
22771,25,LSTM_stock22771_model,0.5960603619239172,0.0001830062687932603,0.0001163100134448993,8.895508797963656e-05,40.13341701195754,32.742355113627184,-7.01943943070307
22771,26,LSTM_stock22771_model,0.8039206066554139,0.00011788663170850014,9.175893613609124e-05,7.696133247519603e-05,39.43206091883736,31.630567794059168,-7.116984035752192
22771,27,LSTM_stock22771_model,0.7696921108466809,0.00013568086797268727,9.88090229426684e-05,7.520061863694697e-05,40.780647300343794,32.568863777431126,-7.148712279957878
22771,28,LSTM_stock22771_model,0.593858259593659,0.00016465104459140748,0.000116449686282871,9.150555298120926e-05,38.378831709863825,30.92014916307042,-6.907901730826857
22771,29,LSTM_stock22771_model,0.7085983480067704,0.00013373221263791673,0.00010349504309079334,8.721848987223226e-05,39.05577943198709,31.421904742468946,-7.017677413450039
22771,30,LSTM_stock22771_model,0.6150465024426498,0.00014244947437529193,0.0001102864264128666,8.828714460425173e-05,38.86784929686572,30.836088789043544,-6.90045521870528
22771,31,LSTM_stock22771_model,0.7282110377935183,0.00015555894232858848,0.0001159905298241555,9.208610212891146e-05,54.83873700342872,39.553440500907485,-7.142894242434252
22771,32,LSTM_stock22771_model,0.7312819492853637,0.00014858965261521246,0.00010573440517528117,8.177206778745214e-05,46.10613684077781,35.36882306019934,-7.1417873935137575
22771,33,LSTM_stock22771_model,0.6876502061682814,0.00014368982441410907,0.00010240242256641285,7.590649586433481e-05,34.11001306207338,28.45058266309663,-6.970672822305009
22771,34,LSTM_stock22771_model,0.573461527479286,0.00017777608371998628,0.00013130921621323316,0.00010973322876488938,49.35803304756512,37.61257331181183,-6.983327025814872
22771,35,LSTM_stock22771_model,0.7231073489320039,0.00013094399697471623,9.720404124437856e-05,7.722828954225088e-05,34.27667644846336,28.26609319617619,-6.987408835167609
22771,36,LSTM_stock22771_model,0.31978996788179337,0.0002750963116894567,0.0001863413799507837,0.00014475009430996118,41.072516094047536,33.855167862896465,-6.5101748275505305
22771,37,LSTM_stock22771_model,0.38143346743730555,0.00021788090163585508,0.00013023581944881228,8.982913006634548e-05,37.70546982388283,31.869687613705356,-6.85016843085
22771,38,LSTM_stock22771_model,0.5988615164782107,0.00016004413556128908,0.00011499363540488108,8.476114363421209e-05,39.51033117779226,31.86203962654482,-6.928080851427796
22771,39,LSTM_stock22771_model,0.42707287959621787,0.0001581662631520205,0.0001203019160832784,9.08790633866783e-05,27.158935179129934,24.302245770363356,-6.636277222645239
22951,1,LSTM_stock22951_model,0.39450367524351126,0.00017692376888567765,0.00012201058686757235,9.418400798590171e-05,18.96673606619881,18.88958876885344,-6.373804056742946
22951,2,LSTM_stock22951_model,0.5167458932733764,0.00018694355861043356,0.00013249856013443234,9.885642308338471e-05,19.406640259536186,19.646285423678194,-6.322709838055906
22951,3,LSTM_stock22951_model,0.2916457706282749,0.00016371429362015483,0.00011264765778439667,7.798821295760852e-05,20.4194124195804,20.607346449690343,-6.5335678320124595
22951,4,LSTM_stock22951_model,0.7470461189048575,0.0002886467674651054,0.00021994777067015165,0.00017381858643707241,21.05881153769958,21.127278473182194,-5.853356330635075
22951,5,LSTM_stock22951_model,0.6096026587931789,0.00010634476107988969,8.270037187462096e-05,6.812372580743191e-05,18.490387817363054,18.097039625210275,-6.6821613584452
22951,6,LSTM_stock22951_model,0.6714969887657857,0.00013260691340635826,9.603140734133551e-05,7.486755781291898e-05,25.620056252368745,24.208601790225483,-6.855922482638756
22951,7,LSTM_stock22951_model,0.4151229157083052,0.00015046413665893154,0.00010388945229662938,7.770051493915546e-05,17.106848964448268,17.136678398765966,-6.443312412484322
22951,8,LSTM_stock22951_model,0.699572734985672,0.00035295279180501274,0.000212295268294702,0.00014641547368291272,18.26640940714532,19.64303101301873,-5.903061751792091
22951,9,LSTM_stock22951_model,0.8538581134029252,0.0002987618503184374,0.00022690202754580878,0.00016829624247508988,17.595757612622865,18.43539897275605,-5.7091166682146985
22951,10,LSTM_stock22951_model,0.4936654167757847,0.00014129961582299007,0.00011132024283042275,8.688942164090935e-05,19.992194974256886,19.143207518028092,-6.451332062073199
22951,11,LSTM_stock22951_model,0.5620315293987996,0.0002435272857942323,0.00016765690155882938,0.00012055635802511407,19.79967788224582,20.720064534243313,-6.149634053294938
22951,12,LSTM_stock22951_model,0.7253923940568738,0.0002102441436593315,0.00014274624016222368,0.00010984951073183456,14.741139797954034,15.651888250681676,-6.010675266988673
22951,14,LSTM_stock22951_model,0.5848387179929506,0.0001337893427229428,9.06777879880762e-05,6.86772552395012e-05,20.87189748483477,19.836012147552793,-6.749590234346179
22951,15,LSTM_stock22951_model,0.7433095752843897,0.00011718379059291746,8.335847260712639e-05,6.728399337653133e-05,23.81255453352607,21.656896914676942,-6.882769706192126
22951,16,LSTM_stock22951_model,0.48534083678535767,0.000152473353868585,0.00010122477298670906,7.784123010088931e-05,24.588842952699615,22.66727343953617,-6.763332763326334
22951,17,LSTM_stock22951_model,0.42039802043221897,0.00013664484239667114,9.51905698022278e-05,7.473039625187388e-05,18.643886148855675,18.220791731129495,-6.596137262141652
22951,18,LSTM_stock22951_model,0.5170569215227006,0.00012830621851532363,9.831396623869621e-05,7.982749484567123e-05,22.92529198096451,21.68209057643742,-6.703358207559353
22951,19,LSTM_stock22951_model,0.5963137210205617,0.00011844025685124023,8.835465525850539e-05,7.584893213463209e-05,21.39962137651356,19.923819095391305,-6.731677560348874
22951,20,LSTM_stock22951_model,0.6481792993130047,0.0001255454425926023,7.810058555065057e-05,5.865613668991297e-05,18.351672317196233,17.538007010817694,-6.766753258740452
22951,21,LSTM_stock22951_model,0.8053236251339992,0.00011069696685207598,7.949624517336426e-05,6.3427118531769e-05,24.22831820793139,21.907053745905294,-6.96614034197588
22951,22,LSTM_stock22951_model,0.8392944399462249,9.931834917981313e-05,7.271148244262818e-05,5.9972549122514076e-05,22.101187348763833,20.013304408604434,-6.965695979755487
22951,23,LSTM_stock22951_model,0.8232532513640985,0.00011083355574390982,7.14749678267644e-05,5.59368543139128e-05,21.919530750393065,20.379800832173935,-7.009001461990512
22951,24,LSTM_stock22951_model,0.4932439421966276,0.00013935952821255495,9.70598293863439e-05,7.615609263043874e-05,20.96004360735291,20.040985580095235,-6.653149703449524
22951,25,LSTM_stock22951_model,0.6948699905246098,0.00017957076765315785,8.244364499082461e-05,5.377683036579829e-05,25.917268934822847,23.041654869309884,-7.0966113629970815
22951,26,LSTM_stock22951_model,0.8608262624875372,0.00010405564430073221,7.70978418513484e-05,6.312974044968767e-05,27.622399463148646,24.460153560348548,-7.072936485287595
22951,27,LSTM_stock22951_model,0.8541659465937935,0.00010344017966924843,7.397879968346898e-05,5.667716226377665e-05,24.883093218000198,22.48996727358908,-7.0479014923198795
22951,28,LSTM_stock22951_model,0.7152764691230091,0.00011425147700043866,8.468183575637766e-05,6.80773062123315e-05,21.719850388045575,20.382142901814714,-6.80996467039824
22951,29,LSTM_stock22951_model,0.46171696370339355,0.00016114650352954044,0.00011643186404558837,8.466198998621083e-05,20.120130369019293,20.21106544479728,-6.48977751934924
22951,30,LSTM_stock22951_model,0.7214009731408373,0.00011118244625817204,8.40952894382227e-05,6.503302167498522e-05,21.216336976777523,20.05615355084977,-6.790386640344708
22951,31,LSTM_stock22951_model,0.8916470389417568,9.590229188465648e-05,6.827093211474635e-05,5.236486420605966e-05,25.050622156105707,22.279957446477393,-7.133197505270806
22951,32,LSTM_stock22951_model,0.946129092368147,7.650613752873352e-05,5.812352772498479e-05,4.904203904962319e-05,27.675664684241085,23.317688896418638,-7.314582409686514
22951,33,LSTM_stock22951_model,0.8489322100027874,0.00010821245002305119,7.79978666979785e-05,6.623399382525714e-05,27.47212072971009,24.121924121991846,-7.062064496009017
22951,34,LSTM_stock22951_model,0.8884918538565101,9.766733225898615e-05,6.932050561585879e-05,5.4420685836493904e-05,25.08912853009544,22.241879252960388,-7.13508669434399
22951,35,LSTM_stock22951_model,0.9145705850258019,9.034108966981418e-05,6.415775450448114e-05,5.3083785666990904e-05,27.403491495646985,23.12714619107429,-7.2143638477549725
22951,36,LSTM_stock22951_model,0.6510711815909289,0.00013222111497689708,9.209867557283288e-05,6.872948378223133e-05,20.61367079563502,20.14262319637641,-6.7487429939522645
22951,37,LSTM_stock22951_model,0.28028088728896894,0.000278476604495256,0.00011011489351318184,7.755679438217823e-05,23.731741116204493,21.970860123427464,-6.737019415530982
22951,38,LSTM_stock22951_model,0.45572647832289825,0.0001535718193654826,0.00010649397176179945,7.560784605596877e-05,21.63924500756391,21.34602481203541,-6.638293837658903
22951,39,LSTM_stock22951_model,0.549340699645165,0.00014482360099313504,0.00010050861090098321,7.807488995311538e-05,20.19263721889825,19.29668660770798,-6.582791612206631
48219,1,LSTM_stock48219_model,0.23857859529990677,0.0002258468610693605,0.0001776200067905296,0.0001430890015183113,28.01751899137131,26.1132387824141,-6.274764903446812
48219,2,LSTM_stock48219_model,0.25498834593475894,0.00028212702470384625,0.0002073258979007037,0.00016723753626567622,35.51273198747002,30.199481386317455,-6.2706831160707965
48219,3,LSTM_stock48219_model,0.48511893186803856,0.00017341405191312657,0.00013590613521708824,0.00011470996755956483,36.15677382115277,29.233427596159657,-6.633225412254758
48219,4,LSTM_stock48219_model,0.608604098694666,0.0003062894590510943,0.00023239646039009565,0.00018138340794908924,23.57704643630065,24.344710812219606,-5.921741805891521
48219,5,LSTM_stock48219_model,0.4624283821756511,0.00016563416898753515,0.00012596146526629726,0.00010253845963295431,29.950552506499072,24.524475699073843,-6.532659763007279
48219,6,LSTM_stock48219_model,0.5924987703919005,0.00015363427315194316,0.00011741766448238505,9.785908562604659e-05,30.507670772081447,25.84788620941182,-6.692255711279306
48219,7,LSTM_stock48219_model,0.5119033979281851,0.00014324454520298364,0.00011126260888603403,8.977536589151042e-05,27.04965334202443,23.602184196491276,-6.628782154309083
48219,8,LSTM_stock48219_model,0.6609950721945244,0.00022076448646225953,0.00016617973268419036,0.0001297540885777963,20.426515857232662,19.527834726777137,-6.096590054130288
48219,9,LSTM_stock48219_model,0.7444779286646919,0.0003174193743049287,0.00021728724944487134,0.00015565822012996572,21.315842720234325,20.216636632010594,-5.896856701138567
48219,10,LSTM_stock48219_model,0.5672344632283293,0.00016422633412073865,0.00012802038100030892,0.00011193172116468652,30.637433038652684,26.25253575494738,-6.607422424016949
48219,11,LSTM_stock48219_model,0.39401029304777646,0.00018533549048157155,0.0001453334644275632,0.00011968124144814003,25.83078879981975,23.889445109791087,-6.4060641385890795
48219,12,LSTM_stock48219_model,0.1643342690158236,0.0001892045815653525,0.00015318913003495448,0.0001289769238093426,27.218992428381384,24.972179120072326,-6.362949957287278
48219,14,LSTM_stock48219_model,0.6422884361027583,0.00016488307841951575,0.00012553540206965025,0.00010116106632212488,36.26965015875442,30.62233980861169,-6.7912239243351
48219,15,LSTM_stock48219_model,0.5248144462697695,0.00018461445129012549,0.00013744509717954464,0.0001071689054054187,31.621195698003714,27.4853522128305,-6.608770623413815
48219,16,LSTM_stock48219_model,0.4999166472022679,0.00018919182238025248,0.0001415218866644347,0.00011602508589138557,34.13309679258031,30.229308673686333,-6.654122496249705
48219,17,LSTM_stock48219_model,0.29683083589190873,0.00020578733946725707,0.0001560159148944123,0.00011733231965170964,28.189597448398278,26.197604121706963,-6.389149395976087
48219,18,LSTM_stock48219_model,0.4759054901923462,0.00015927670311451556,0.00012412479121108044,9.930337708332661e-05,32.05635528003895,27.476923835503307,-6.6665790020676
48219,19,LSTM_stock48219_model,0.485181026049994,0.00018307010998627646,0.00013781368507713654,0.00011576475117775612,33.66187090935251,29.099390178308145,-6.654682598040985
48219,20,LSTM_stock48219_model,0.5771512959294307,0.00016217817472214953,0.00011940565766890527,9.948573677530418e-05,30.80948896055161,27.328102845169877,-6.749606659819881
48219,21,LSTM_stock48219_model,0.4796453718439624,0.00016870404238561896,0.00012890397646513462,0.00010271568931992573,30.16043150963748,26.516408534961734,-6.654444043993382
48219,22,LSTM_stock48219_model,0.7900061580585449,0.0001277990519717498,0.00010351952942237745,9.372374742572783e-05,33.27254467547691,27.939743274369494,-6.909746533294338
48219,23,LSTM_stock48219_model,0.7292620627472617,0.0001514023509699954,0.0001135714132137998,9.367730920453518e-05,36.70300084740122,30.40545535948098,-6.901795715719331
48219,24,LSTM_stock48219_model,0.45770784668419795,0.00021395969189156615,0.00016407830449416484,0.00013272866063957544,27.128551294599163,25.323900288166207,-6.348786143124854
48219,25,LSTM_stock48219_model,0.6197233400628055,0.00017781235860965885,0.00012703897125587,0.00010380279812511632,37.697165846008005,31.47728242461113,-6.815667638980161
48219,26,LSTM_stock48219_model,0.8342221797422332,0.000133786488439476,0.00010660167496384562,9.084152631171851e-05,55.67601470825758,34.72742386924958,-7.070211944217085
48219,27,LSTM_stock48219_model,0.6156484570345373,0.00018284837991209014,0.00013850077973419567,0.000112871786807464,45.394191990295404,33.05073157526607,-6.790987528724991
48219,28,LSTM_stock48219_model,0.5824726200228227,0.00018302861057948596,0.00013616458487594502,0.00011478040167502065,36.513836238767375,30.196536598833735,-6.737078188465248
48219,29,LSTM_stock48219_model,0.5817218897773785,0.00016583734851677526,0.00012343005914595436,9.699029761965308e-05,30.58455112742044,27.80792431585319,-6.715517721403103
48219,30,LSTM_stock48219_model,0.5330354686319287,0.0001857785605909022,0.00013807064050836532,0.00010232876972152863,14069.023363003502,33.09877774697591,-6.757666120627379
48219,31,LSTM_stock48219_model,0.4619146322621904,0.00019202212139789063,0.00014614499237098496,0.0001169777283403019,29.04618644660415,26.825387029938696,-6.513676586115955
48219,32,LSTM_stock48219_model,0.7912131411282408,0.00014231673900496125,0.00010501506998888982,8.070014582592334e-05,35.89341625503914,29.932914665042404,-6.958516465375761
48219,33,LSTM_stock48219_model,0.4338894547947537,0.0001847832349790543,0.00013809123767152286,0.00010345837413760936,31.463710835072533,28.085384790942342,-6.631085360643531
48219,34,LSTM_stock48219_model,0.7229492829081694,0.00015017307348376475,0.00011114077713504942,9.471337471544388e-05,33.846996806563716,29.17259457872992,-6.881729471969949
48219,35,LSTM_stock48219_model,0.7612337646224699,0.00012895486723169555,0.00010154000796212925,8.174681199078356e-05,28.499796204427767,25.195195392325896,-6.8314625852855055
48219,36,LSTM_stock48219_model,0.6964879831423076,0.0001768169846558991,0.00012415778265240795,9.791688944047765e-05,38.77863978852976,30.91304001902494,-6.847703691973116
48219,37,LSTM_stock48219_model,0.29551891583507217,0.0001820996172221466,0.00014127937878124892,0.0001229476763879002,28.36621582830373,26.151041340959786,-6.525134789621982
48219,38,LSTM_stock48219_model,0.7825739277040695,0.00013461583933717543,0.00010006768497508928,8.202394625094792e-05,30.83350607481405,26.556714254741188,-6.9107892523124
48219,39,LSTM_stock48219_model,0.43691104320382046,0.00021115109045026474,0.0001558137775876692,0.00011608669165497819,32.85918475152852,28.687888149135638,-6.544937562416083
50200,1,LSTM_stock50200_model,0.6324760168743833,8.912035236978717e-05,6.387674533407245e-05,4.774930945747647e-05,18.213158032270893,18.47202832287827,-7.028095837803628
50200,2,LSTM_stock50200_model,0.6153072396290007,8.692755680473001e-05,5.9380969752870397e-05,3.874344015393381e-05,17.040570061668404,17.690608918488387,-7.0512482194521064
50200,3,LSTM_stock50200_model,0.7574250708582511,4.6278573267188595e-05,3.524280562679706e-05,3.004007278555134e-05,20.59382279589346,19.243494819372287,-7.617640201985209
50200,4,LSTM_stock50200_model,0.8422967962643937,0.00015704781795508813,0.0001104812876925232,7.476268153283567e-05,16.726061469401714,17.84483368829179,-6.41349549992017
50200,5,LSTM_stock50200_model,0.7734775195858741,4.588771949516929e-05,3.352791926711143e-05,2.7196818981586095e-05,19.56831171673674,18.717893276466004,-7.660614316367104
50200,6,LSTM_stock50200_model,0.7441110576125388,6.200380934344259e-05,3.553551611850103e-05,2.5751495313789527e-05,22.295700221974325,21.45242856409359,-7.788535613450916
50200,7,LSTM_stock50200_model,0.38201322499572876,7.738940400306002e-05,5.004206700827171e-05,3.793470683979028e-05,19.691861203413954,19.6984654403914,-7.33909320117581
50200,8,LSTM_stock50200_model,0.8916256479635527,0.00014435823564520114,0.00010642049629934766,8.302689454598144e-05,15.532131219275294,16.825493358519246,-6.347501610793118
50200,9,LSTM_stock50200_model,0.9223340383033745,0.00014186802527663158,0.00010619687212179232,7.836087677880717e-05,14.323664122027955,15.080910225846486,-6.25534003139413
50200,10,LSTM_stock50200_model,0.6369195177240782,6.636470859738861e-05,4.8720738369487596e-05,3.813398716506224e-05,17.75747594671891,17.7074762282955,-7.224339741788212
50200,11,LSTM_stock50200_model,0.625577970489114,7.295623881820696e-05,5.157752009353396e-05,3.663737159407953e-05,15.913160738789674,16.245072914098113,-7.0877289128008245
50200,12,LSTM_stock50200_model,0.5491958620182151,7.921234216509197e-05,5.160814547588459e-05,3.462063517840906e-05,15.551598446005881,16.135928340528775,-7.089191843768736
50200,14,LSTM_stock50200_model,0.8683676973177443,4.620000966257203e-05,2.755800379955437e-05,1.955291688161049e-05,18.79532016952396,18.505596278961868,-7.8850546536109425
50200,15,LSTM_stock50200_model,0.8511669588875859,4.312365362629269e-05,2.8058410889701364e-05,2.0642542784222357e-05,16.976742611580033,17.058843391003865,-7.7614261257880335
50200,16,LSTM_stock50200_model,0.8885287147224763,3.879648700259448e-05,2.6553426580154756e-05,1.8365916069381977e-05,17.427320591711197,16.929672640508215,-7.819488519703397
50200,17,LSTM_stock50200_model,0.4683498285647506,7.278182186248735e-05,4.628635248155989e-05,3.3408505358179134e-05,17.098444993013132,17.199588395987444,-7.2867910284672925
50200,18,LSTM_stock50200_model,0.5268129302828319,5.546815575821299e-05,3.620131676678589e-05,2.412347339452402e-05,17.025652394349617,16.95963803861281,-7.5046313027133555
50200,19,LSTM_stock50200_model,0.7390026363715201,4.9452127961197946e-05,3.2728777116802944e-05,2.3571367304782504e-05,15.729199764725227,15.734822438633456,-7.5341620059324335
50200,20,LSTM_stock50200_model,0.3760579274976833,7.050937165667527e-05,4.334252686781229e-05,2.9557719976670583e-05,17.111794912724346,16.788834024981426,-7.333634720792364
50200,21,LSTM_stock50200_model,0.8673023889418682,4.845858562403749e-05,2.7622912302591017e-05,1.8933717153326873e-05,19.224863872671047,18.819062603215553,-7.920564040727092
50200,22,LSTM_stock50200_model,0.9361710934570089,3.5635265013203406e-05,2.3909626497794565e-05,1.7079499292736113e-05,22.426886382303532,19.697989125915786,-8.048838388501357
50200,23,LSTM_stock50200_model,0.896654015268991,4.5618879525988785e-05,2.503971096041482e-05,1.685318163364768e-05,20.808837348446836,19.332934130008642,-8.035838067768545
50200,24,LSTM_stock50200_model,0.5506298629163676,6.633301020447556e-05,4.3722066848897416e-05,3.243026212930867e-05,16.113468041584902,16.01928376003378,-7.280251201742334
50200,25,LSTM_stock50200_model,0.9187292664779164,4.2261515846636654e-05,2.225560593686277e-05,1.4986087987776897e-05,18.736101507501925,17.553862281380038,-8.087096848076575
50200,26,LSTM_stock50200_model,0.9432569662423834,3.609429892536712e-05,2.0494021929427374e-05,1.4491743712089424e-05,18.87654769509241,18.184344501053076,-8.145986952856404
50200,27,LSTM_stock50200_model,0.9011138995597908,4.589568216104265e-05,2.578026734767791e-05,1.869490219027024e-05,21.644337990688822,20.131805981096555,-8.050006470190212
50200,28,LSTM_stock50200_model,0.6650417518210738,5.3661441517167126e-05,3.6485871304164845e-05,2.697896299541575e-05,16.00119503696948,15.708968259230435,-7.419718813999915
50200,29,LSTM_stock50200_model,0.8955730766049733,4.002485618029071e-05,2.6417679072871378e-05,1.977321701522218e-05,18.849922639237597,17.98951446603342,-7.89193736619384
50200,30,LSTM_stock50200_model,0.7260878440605061,4.9343152678531166e-05,3.2027524735220475e-05,2.2366847964848975e-05,16.840815267134396,16.428320637179404,-7.602339617545068
50200,31,LSTM_stock50200_model,0.9580612720960928,2.8894022578706593e-05,1.885097408558036e-05,1.4523263282729436e-05,16.589065913547163,15.698200122729025,-8.064800225725461
50200,32,LSTM_stock50200_model,0.9682158031994429,2.9673363460748263e-05,2.0232538049632214e-05,1.588309002023974e-05,4885.34827438813,23.23697271429885,-8.32582766727966
50200,33,LSTM_stock50200_model,0.7965929610709523,4.086490566573318e-05,2.88020229888211e-05,2.2023265084397693e-05,15.40581821563489,15.207967383950614,-7.614945620063108
50200,34,LSTM_stock50200_model,0.9303711016896159,3.794420653912824e-05,2.3532197621745012e-05,1.6375320820145845e-05,20.169410200846155,18.538669759773715,-8.066626639435226
50200,35,LSTM_stock50200_model,0.9505122493386128,2.9236804439515627e-05,1.945721491971744e-05,1.4474464965433225e-05,14.882350743979245,14.643092155093774,-7.977486584270074
50200,36,LSTM_stock50200_model,0.6938459654515395,6.54785545225372e-05,3.9734549125534075e-05,2.7476888208132077e-05,16.627377312962416,16.478311235154333,-7.441905377311312
50200,37,LSTM_stock50200_model,0.4663690567538463,6.576800563492478e-05,4.6944898615066645e-05,3.742928996194455e-05,16.413178207818095,16.298390577197164,-7.17132852726082
50200,38,LSTM_stock50200_model,0.8311710066188578,4.046310184951924e-05,2.894748578510114e-05,2.2667072732645514e-05,15.671146238426143,15.272069482181937,-7.6026699148566514
50200,39,LSTM_stock50200_model,0.7230007513154806,9.184556366117322e-05,5.7680112773388016e-05,3.9941764916105976e-05,15.499624671736106,15.853762315176361,-6.98133943707378
104919,1,LSTM_stock104919_model,0.5865989767012263,9.58144524381437e-05,7.444272598294871e-05,6.158447376513143e-05,18.188680496494953,17.497428289051463,-6.775443128937148
104919,2,LSTM_stock104919_model,0.5425176135722521,9.167835920028043e-05,6.526226431452044e-05,4.779766514229387e-05,15.655990719178586,15.681859759314731,-6.830461833909264
104919,3,LSTM_stock104919_model,0.8848689941330725,4.995483852361437e-05,3.9141551556578144e-05,3.1986879434985015e-05,18.067770083790467,16.61534988180013,-7.364743654794088
104919,4,LSTM_stock104919_model,0.8493317966868492,0.00016403189055712257,0.00012246855440582732,9.992846918164595e-05,16.63603032791102,16.216867520358083,-6.213791793168603
104919,5,LSTM_stock104919_model,0.862227519835562,5.366473893983894e-05,4.1648136684939874e-05,3.545426682612672e-05,18.660246055793134,17.26396290369597,-7.345157606819534
104919,6,LSTM_stock104919_model,0.8596683698388528,6.40134197995498e-05,3.945115641652711e-05,2.909770718604274e-05,18.42170676825011,17.413018984479944,-7.4654951127884335
104919,7,LSTM_stock104919_model,0.4662723582991234,8.568906916078171e-05,5.8030120109661175e-05,4.183244683445846e-05,16.098189105871853,15.954409436773185,-6.977619395465589
104919,8,LSTM_stock104919_model,0.8793423210465277,0.00019983672909974372,0.00014716863235005465,0.00010209597724292175,15.653265122458102,16.63074739763415,-6.0450697478715325
104919,9,LSTM_stock104919_model,0.9186548288273602,0.00020647861684271293,0.00015469301748022163,0.00011219479500526597,14.375647416238419,15.115512777424916,-5.899157413143305
104919,10,LSTM_stock104919_model,0.6882853100660404,0.00011602391522018226,8.568752111603287e-05,6.463237358689472e-05,18.64115506815361,18.26393608056892,-6.681021655959442
104919,11,LSTM_stock104919_model,0.7719255090144075,9.924140324313319e-05,7.351266440026877e-05,5.723978778146289e-05,14.805764829751991,14.715603296707044,-6.626528239565154
104919,12,LSTM_stock104919_model,0.7425155828113147,0.00010541369494509432,7.403457761822902e-05,5.6171514136721574e-05,13.547609816490569,13.89795552954023,-6.553372299975818
104919,14,LSTM_stock104919_model,0.8498491277395959,5.430511648472136e-05,3.6839011403428824e-05,2.878792835103726e-05,14.954603514155302,14.449650229874416,-7.3192382496884365
104919,15,LSTM_stock104919_model,0.8335536063245238,5.834849906973375e-05,4.052139569998783e-05,3.283790340800498e-05,16.50578364581935,15.596639900113345,-7.306096726196299
104919,16,LSTM_stock104919_model,0.8984523980132577,5.273692283543623e-05,3.984711145612378e-05,3.171130783780971e-05,19.29433500809038,18.019572331492604,-7.463018620512299
104919,17,LSTM_stock104919_model,0.4206725238992908,9.120685511924465e-05,6.230583456195164e-05,4.6747006175572564e-05,16.89831502641529,16.80886044344835,-6.941831949732734
104919,18,LSTM_stock104919_model,0.2853919056110137,7.66238074052135e-05,5.6635403643423064e-05,4.5679561644917824e-05,16.475807040333944,16.14488081723745,-6.97609798913835
104919,19,LSTM_stock104919_model,0.7375166250550904,6.455289177246504e-05,4.655592925360332e-05,3.421345058800601e-05,16.806269402040673,16.215790045079093,-7.181178821035053
104919,20,LSTM_stock104919_model,0.4641584359938029,8.646967090612901e-05,5.7506361000770714e-05,4.361224750849089e-05,16.44263398355977,16.049600022094914,-6.989090699684389
104919,21,LSTM_stock104919_model,0.8709844083572671,6.655848134850792e-05,4.188684701794408e-05,3.491639252887209e-05,22.5171238431632,20.217423012880502,-7.544008888866451
104919,22,LSTM_stock104919_model,0.9344783034573781,4.57740583268315e-05,3.6286303116920545e-05,3.06533895107642e-05,20.43990840748187,18.370731413504146,-7.550146790494375
104919,23,LSTM_stock104919_model,0.8889305814695864,6.627531226104375e-05,3.9277053650896805e-05,3.3079059619223905e-05,23.003691154660302,20.327939733952384,-7.628002515678702
104919,24,LSTM_stock104919_model,0.5595133742212435,8.39110772988928e-05,5.6193533895058747e-05,4.366885262538779e-05,15.95231344665205,15.558996665063999,-6.9788606904139945
104919,25,LSTM_stock104919_model,0.810030673715967,8.162877904078032e-05,3.894211516183087e-05,2.8933114138767735e-05,18.873425653647644,17.289243406409376,-7.515247579658748
104919,26,LSTM_stock104919_model,0.9459562062489814,4.8090149021126184e-05,3.477303994805677e-05,3.0973891308005866e-05,22.731837267726455,20.084143620508996,-7.715342787348193
104919,27,LSTM_stock104919_model,0.9139739038245036,5.5089187442245855e-05,3.8735709339423294e-05,3.128599618260834e-05,21.87251578838641,19.761029404964198,-7.583527365761294
104919,28,LSTM_stock104919_model,0.681512072300141,7.84747881101833e-05,5.0560805180344433e-05,3.455747455186558e-05,14.765853593876068,14.505193614141291,-7.0574896557680304
104919,29,LSTM_stock104919_model,0.9300439169636024,4.753133456424325e-05,3.420215866376051e-05,2.763128407610634e-05,18.443706940937368,16.95565574993939,-7.554952090620633
104919,30,LSTM_stock104919_model,0.794597540439219,5.965322002565692e-05,4.243943341121771e-05,3.252857609788097e-05,15.740510084465209,15.005609972494666,-7.2284751508189515
104919,31,LSTM_stock104919_model,0.9447183797522496,4.215755076339071e-05,3.403219236160291e-05,3.0357734039736256e-05,19.33056879657321,17.325711917947622,-7.552705402157326
104919,32,LSTM_stock104919_model,0.9601723224001428,4.4197508591131683e-05,3.7486040778095276e-05,3.6522876168887036e-05,30.534582965761803,25.01850932229837,-7.816415483287379
104919,33,LSTM_stock104919_model,0.8680091026371293,5.502699353431418e-05,3.871305516899667e-05,3.0654464265280715e-05,17.168233188162652,16.11852498229981,-7.367151116457769
104919,34,LSTM_stock104919_model,0.9379536480326685,5.384196704450527e-05,4.154784411585186e-05,3.720335304051207e-05,30.328481491882016,25.360304762028,-7.763288939461958
104919,35,LSTM_stock104919_model,0.9613520703462223,4.186872912487435e-05,3.223174923474272e-05,3.0914312096945614e-05,23.448423370105413,20.224620727412944,-7.759339927181707
104919,36,LSTM_stock104919_model,0.7721639139166716,7.923360090386583e-05,5.051512005114165e-05,3.5976112613018814e-05,18.94967920413801,17.63695323335735,-7.25253417404029
104919,37,LSTM_stock104919_model,0.5540478296786662,6.727266015943023e-05,4.863347298619512e-05,3.83115473346013e-05,16.286094251345318,15.470727028642417,-7.080570050643031
104919,38,LSTM_stock104919_model,0.9032702303886805,5.088702458746438e-05,3.7778717519131434e-05,3.0576108241080175e-05,18.354063586588428,16.742498702751163,-7.41981437737952
104919,39,LSTM_stock104919_model,0.6346836898073225,9.811444269455318e-05,6.087181807286691e-05,4.617775368017041e-05,14.77964511129342,14.547048567893583,-6.843407264781618
