stock,week,model,RMSE,MAE,MedAE,MAPE(%),SMAPE(%),QLIKE
8382,1,"EGARCH(1,1,1,skewt)",0.0007079679251199173,0.0005255226666021578,0.00039466692348447997,35.943544999131745,31.697458162665644,-5.440966981965026
8382,2,"EGARCH(1,1,1,skewt)",0.00044217452916516187,0.0003220658927274701,0.00025522211581390604,29.500632237364915,26.60793348764969,-5.795680032727772
8382,3,"EGARCH(1,1,1,skewt)",0.00023101161542098695,0.0001677201391556532,0.00012959335454918496,30.76105346813237,27.515842086141777,-6.456041261996953
8382,4,"EGARCH(1,1,1,skewt)",0.0006819635777791839,0.00044488730357203533,0.00028766459180239363,26.334220979143225,24.58496444624699,-5.399224278855748
8382,5,"EGARCH(1,1,1,skewt)",0.00030723201319754424,0.00021907093061685303,0.00015367047005177583,29.335023063162176,26.356310731280384,-6.168533740033472
8382,6,"EGARCH(1,1,1,skewt)",0.0002633252211233335,0.0001978906686867015,0.00015074808331822686,27.99577258441839,25.249309201502832,-6.219080273647705
8382,7,"EGARCH(1,1,1,skewt)",0.00022706707071684957,0.00015742637606872128,0.0001228901342388077,21.973825315877825,20.935726970260284,-6.243439916428592
8382,8,"EGARCH(1,1,1,skewt)",0.00045396586103381767,0.000350538543502307,0.00029425595570512625,19.081439663948103,17.909792196531352,-5.27815952439569
8382,9,"EGARCH(1,1,1,skewt)",0.0006919892112847736,0.0005331915851813976,0.00043781939652614405,17.552406562084652,16.27444855102458,-4.725812505634482
8382,10,"EGARCH(1,1,1,skewt)",0.00036444461842221617,0.00028509803771753907,0.00023807574276717098,25.34443956957853,22.82878954305959,-5.703040916577778
8382,11,"EGARCH(1,1,1,skewt)",0.0005454848159724814,0.0003285000271913241,0.00025582531663941033,24.582041485695658,22.499736605093318,-5.576727032001995
8382,12,"EGARCH(1,1,1,skewt)",0.00035479701447023546,0.00028171142291895135,0.0002224636842165609,20.725961070209532,19.40034018657822,-5.538367903290979
8382,14,"EGARCH(1,1,1,skewt)",0.00019299153228042852,0.00015150794780982108,0.00013238786962317705,24.729836766135303,23.015227443649948,-6.3347231913414115
8382,15,"EGARCH(1,1,1,skewt)",0.0002634558845028662,0.00019343288687070939,0.0001529117733461691,25.89145291285306,23.542730872716735,-6.126674905939561
8382,16,"EGARCH(1,1,1,skewt)",0.00022880961784306543,0.00017886943150768268,0.00014729384493220472,26.694546606986368,24.27332220849797,-6.244326437287302
8382,17,"EGARCH(1,1,1,skewt)",0.0002976836976966739,0.00022864152305625656,0.00019856788491685575,24.462394707890567,22.794615087290744,-5.927494901253409
8382,18,"EGARCH(1,1,1,skewt)",0.00022994305812997474,0.00017959636428542376,0.00015051194909567085,22.169846840404166,20.48786948683868,-6.0652479772184575
8382,19,"EGARCH(1,1,1,skewt)",0.0002667952123976489,0.00020778048893522287,0.0001649677105825086,23.61446755070338,21.334641064809492,-5.943665237727303
8382,20,"EGARCH(1,1,1,skewt)",0.0002411825716600926,0.00017233461981479856,0.00013977443088004373,25.532510631536788,23.19737459718555,-6.212171856810708
8382,21,"EGARCH(1,1,1,skewt)",0.00019858873741002603,0.00014384050585779682,0.00012083810387649233,24.548188238582576,22.5715201327825,-6.364071718760487
8382,22,"EGARCH(1,1,1,skewt)",0.0002075344434723607,0.00015030435630556549,0.00011953818875377068,27.551284227709438,24.328763181874205,-6.422486967278513
8382,23,"EGARCH(1,1,1,skewt)",0.00016675919719401073,0.00012496967660532838,9.977512959467971e-05,26.200515264106876,23.29734506613165,-6.5410176408448875
8382,24,"EGARCH(1,1,1,skewt)",0.0002334649111377599,0.00017228481387572607,0.0001434743580237249,27.38021507959596,24.732140775607782,-6.280139993642244
8382,25,"EGARCH(1,1,1,skewt)",0.00024086652861421892,0.00016587565594673002,0.00012923027986031887,26.82442164472564,24.40248827339801,-6.3171910204719675
8382,26,"EGARCH(1,1,1,skewt)",0.00018734045593401413,0.00014082546159678116,0.0001114108076704109,24.397216223519496,21.889139780496723,-6.359500924680952
8382,27,"EGARCH(1,1,1,skewt)",0.00016336260859777036,0.0001314110768386048,0.00010955878378893314,28.627795033769754,25.562816142973936,-6.574865539281802
8382,28,"EGARCH(1,1,1,skewt)",0.00021630746267172168,0.00015461541891397757,0.000125035285119539,27.314086155916755,24.15811708906251,-6.3752907184600165
8382,29,"EGARCH(1,1,1,skewt)",0.00018503166649316364,0.00013797259269566133,0.00010981582523053498,29.289004987616877,26.30827056006616,-6.59372414261244
8382,30,"EGARCH(1,1,1,skewt)",0.0002158070303639159,0.00016164616757500432,0.0001317937691589666,23.826212250913976,21.686289657219152,-6.238066976320589
8382,31,"EGARCH(1,1,1,skewt)",0.00019628439920587042,0.00013740276535921173,0.00010806221379383669,29.96330282271626,26.41110491781859,-6.64349691511558
8382,32,"EGARCH(1,1,1,skewt)",0.00016472886198255044,0.0001256763695435872,0.00010631888579689758,31.669984721139816,27.2480018232921,-6.696444198686924
8382,33,"EGARCH(1,1,1,skewt)",0.00018226097466198006,0.0001359068677025435,0.00011085441819730466,28.68230191175597,24.99831079633758,-6.542772556245332
8382,34,"EGARCH(1,1,1,skewt)",0.00013217695714314525,9.708270671274693e-05,7.197324934594076e-05,25.159725162086684,22.018386243959036,-6.760581095408827
8382,35,"EGARCH(1,1,1,skewt)",0.00016829600085403845,0.0001093575414959522,9.648201260663107e-05,29.77390382638545,26.60028988295966,-6.825495521084974
8382,36,"EGARCH(1,1,1,skewt)",0.00019260788674060322,0.00013691352458716923,0.00010772435576050595,29.178374935634004,26.52170941226788,-6.617022209020588
8382,37,"EGARCH(1,1,1,skewt)",0.0002611302845707984,0.00015496377352947565,0.00011484297815976318,31.439249294955417,28.783666958776262,-6.587217822469539
8382,38,"EGARCH(1,1,1,skewt)",0.00018987385487544419,0.0001332820262222307,0.00010340048842523634,29.331274390014066,26.148425208272307,-6.6607220167318815
8382,39,"EGARCH(1,1,1,skewt)",0.0002073994742895016,0.00016138726359828584,0.00014022149881205129,29.045017599894372,25.831311563687308,-6.408302837293312
9323,1,"EGARCH(1,1,1,skewt)",0.00019926729962295366,0.0001512367758831978,0.00011711650382345378,21.552985340851137,20.244952206481948,-6.242029110184665
9323,2,"EGARCH(1,1,1,skewt)",0.0001671942406889404,0.00011978819339090981,9.030897923636505e-05,19.6508155528618,18.596712734685408,-6.424821858911603
9323,3,"EGARCH(1,1,1,skewt)",0.00011635443394451898,8.708243711032408e-05,7.017815096026708e-05,18.17235271044525,17.161417587378065,-6.604454548515952
9323,4,"EGARCH(1,1,1,skewt)",0.0003503509589422136,0.00026243246085224785,0.0002074596506964864,19.87878143066642,19.359082897335817,-5.627743562187616
9323,5,"EGARCH(1,1,1,skewt)",0.00010468790439228825,8.00536383423322e-05,6.189169232833047e-05,19.351329055540166,18.28975154855459,-6.764982061830522
9323,6,"EGARCH(1,1,1,skewt)",0.00010995056642934252,7.978760828494387e-05,6.39597174253378e-05,22.65065751675505,21.347037470535128,-6.914484827613605
9323,7,"EGARCH(1,1,1,skewt)",0.0001671772485400942,0.00011792665991327699,8.251417768786258e-05,22.7380671103169,21.655401292228188,-6.54430770964829
9323,8,"EGARCH(1,1,1,skewt)",0.00034164789570854113,0.00021394715763572032,0.0001515786012049107,18.582722476511087,17.958796697600807,-5.792376407707484
9323,9,"EGARCH(1,1,1,skewt)",0.00023076828769257623,0.00018038182611120553,0.0001541756828700127,16.331961172790933,15.519863399339037,-5.763021331918253
9323,10,"EGARCH(1,1,1,skewt)",0.0001491098246864667,0.000108838329219768,8.028388174952572e-05,20.942676015078977,19.187070786291365,-6.507557906210435
9323,11,"EGARCH(1,1,1,skewt)",0.00018706724126959267,0.00011129669187464364,8.203189394053942e-05,20.106653452045336,19.034372133097097,-6.502769326796997
9323,12,"EGARCH(1,1,1,skewt)",0.00016034073390558948,0.00011069875452743698,8.449454545601164e-05,17.40940426711012,16.77138243851452,-6.354128022394549
9323,14,"EGARCH(1,1,1,skewt)",0.00010654803949655064,7.74541968136155e-05,6.40530907931704e-05,18.69310938979146,17.8335672427616,-6.761655728965779
9323,15,"EGARCH(1,1,1,skewt)",9.237470764555594e-05,6.71023163533873e-05,5.4218034152611486e-05,20.304205257013994,19.06701568102308,-6.982444422873683
9323,16,"EGARCH(1,1,1,skewt)",0.00012102422487329101,8.362570770686269e-05,6.41806473350097e-05,23.432257891334,21.862157292278553,-6.892391020073768
9323,17,"EGARCH(1,1,1,skewt)",0.00014743516024697665,0.00010539931074292924,8.165936871358919e-05,22.20030126936118,20.941640620805877,-6.617203944795464
9323,18,"EGARCH(1,1,1,skewt)",0.00011042846709701041,8.124536415696302e-05,6.174341642487959e-05,18.637028425220976,17.616409002576408,-6.707364006845097
9323,19,"EGARCH(1,1,1,skewt)",0.00011265561331696262,7.516740517445058e-05,5.3514523693955554e-05,19.466359475725138,18.454086670595128,-6.853773581268907
9323,20,"EGARCH(1,1,1,skewt)",0.0001336093000304542,8.247903715955123e-05,5.7506309704684425e-05,19.432078840783397,18.43256428543606,-6.748727035052656
9323,21,"EGARCH(1,1,1,skewt)",0.00011600905809251873,7.345777995164378e-05,5.0926848000068094e-05,8007.906751835374,23.16504719745867,-7.105504675271429
9323,22,"EGARCH(1,1,1,skewt)",8.756014695378037e-05,6.700382214163555e-05,5.679894551195986e-05,27.85918440117307,24.739949586911738,-7.207384953165792
9323,23,"EGARCH(1,1,1,skewt)",0.00010381963664349945,6.383224281206465e-05,4.9106892576445766e-05,5441.175551442759,25.23781725246583,-7.31241857003327
9323,24,"EGARCH(1,1,1,skewt)",0.0001477909367497625,8.370717538523536e-05,6.449858075038912e-05,18.723602255232,17.942197856843414,-6.73862867387943
9323,25,"EGARCH(1,1,1,skewt)",0.00017930670966184842,7.384339574171477e-05,4.92479414273815e-05,5902.334326153827,25.584003474239452,-7.248408575446027
9323,26,"EGARCH(1,1,1,skewt)",9.846866860667693e-05,6.919546592930942e-05,5.736653069417135e-05,7771.098187566548,25.91727281974722,-7.217576430001422
9323,27,"EGARCH(1,1,1,skewt)",0.0001140179497570204,7.905989239088359e-05,6.176036790162268e-05,24.266605466007775,22.172209764667368,-6.984118552244756
9323,28,"EGARCH(1,1,1,skewt)",0.00012312101860607945,8.9982285046785e-05,6.9452576041569e-05,19.883638535932235,18.554047716702932,-6.666712386199351
9323,29,"EGARCH(1,1,1,skewt)",9.891250420160273e-05,5.988960469547297e-05,4.463741504399723e-05,19.234330897876887,18.215149874907254,-7.0626062086173516
9323,30,"EGARCH(1,1,1,skewt)",9.965628310100806e-05,6.95078438730156e-05,5.4317444765391605e-05,20.124257104025396,18.964176458030888,-6.93182130518291
9323,31,"EGARCH(1,1,1,skewt)",7.937647697128207e-05,5.819536097233232e-05,4.429678279497947e-05,20.944972941544243,19.242154413994754,-7.134611054797161
9323,32,"EGARCH(1,1,1,skewt)",8.659894948696812e-05,6.116252391474534e-05,4.594738835928795e-05,25.499912648505855,22.63954543558377,-7.256912898561721
9323,33,"EGARCH(1,1,1,skewt)",8.442366712884129e-05,6.402679558147522e-05,5.16316406323398e-05,18.794334087107856,17.60725523956999,-6.927884848940229
9323,34,"EGARCH(1,1,1,skewt)",8.454928819210227e-05,6.036106232727593e-05,4.846911308139203e-05,21.650551521962537,19.75878681457598,-7.162377540530117
9323,35,"EGARCH(1,1,1,skewt)",8.167708959141757e-05,5.9293283498254145e-05,4.5964292840350055e-05,5318.650554605731,21.98883765854503,-7.24098598370635
9323,36,"EGARCH(1,1,1,skewt)",0.00045426720094697077,0.0002395912505860931,0.00010895139267497731,26.20869845018997,24.472267782750723,-6.231675532585696
9323,37,"EGARCH(1,1,1,skewt)",0.00011864937040579793,8.118159388363882e-05,6.424308241678055e-05,18.02886497024822,17.308221117584672,-6.7009263586417385
9323,38,"EGARCH(1,1,1,skewt)",0.00010902382253416895,7.035867511437974e-05,5.3522484731643124e-05,22.915757031255087,21.21157743317032,-7.043780931115874
9323,39,"EGARCH(1,1,1,skewt)",0.00017231802415317355,0.00010365087325187997,7.169696563227737e-05,18.225100690779595,17.594541097587623,-6.493671380325665
22675,1,"EGARCH(1,1,1,skewt)",0.00016732735877973145,0.00013040873902952902,0.00010881903374536839,30.97233615462885,27.69984763648236,-6.691896396984102
22675,2,"EGARCH(1,1,1,skewt)",0.00014285720823991617,0.00010889212142561085,8.116287880664496e-05,30.60218200908246,26.36210986178019,-6.812392746707921
22675,3,"EGARCH(1,1,1,skewt)",0.00011427457117448047,8.754882065942572e-05,7.160429863257188e-05,38.66923211007436,31.543793954935502,-7.194583110819367
22675,4,"EGARCH(1,1,1,skewt)",0.0002123497072393532,0.000164561944274042,0.0001338248301590196,28.114004388752623,25.671432583635408,-6.358246163765519
22675,5,"EGARCH(1,1,1,skewt)",0.00015148773233214044,0.00011949706165787866,0.00010037330100176202,33.900958293308506,28.645295805170583,-6.77467743210827
22675,6,"EGARCH(1,1,1,skewt)",0.00010755154868752186,8.170166301435983e-05,6.65089865222577e-05,35.68488347549966,29.38107959743877,-7.167723129406248
22675,7,"EGARCH(1,1,1,skewt)",0.00014144899852574472,0.00010747414179440946,8.250074347652451e-05,35.68507253561476,30.21525015519135,-6.933814271381479
22675,8,"EGARCH(1,1,1,skewt)",0.00024410655898794944,0.00018485808416904108,0.00014907069383942922,26.220070643290082,23.39893660561677,-6.130142804642965
22675,9,"EGARCH(1,1,1,skewt)",0.00033877000210951494,0.00023693056745960453,0.0001932321488078818,25.18183009973573,22.276381174745392,-5.873246884490543
22675,10,"EGARCH(1,1,1,skewt)",0.0001555410882681603,0.00011851384631553204,8.938875165298622e-05,32.15451534056114,27.31510522267433,-6.742932735060902
22675,11,"EGARCH(1,1,1,skewt)",0.00017789433939645292,0.00012092547788686704,8.957009489250325e-05,27.067332677184634,24.381819392960207,-6.6492711746055635
22675,12,"EGARCH(1,1,1,skewt)",0.00016339301465488295,0.00011497563958860258,9.14532032587838e-05,23.368977806377796,21.751805496226677,-6.567742707746992
22675,14,"EGARCH(1,1,1,skewt)",0.00011216527543410367,8.592316389801542e-05,7.228362727789868e-05,31.448952533746027,27.80891105915132,-7.089106848474732
22675,15,"EGARCH(1,1,1,skewt)",0.00010769833588595239,7.629119708701426e-05,6.0610573357376826e-05,31.769466189432066,27.478210176428508,-7.222908720086288
22675,16,"EGARCH(1,1,1,skewt)",0.00011007915077476679,7.557675643139705e-05,5.4530826981966516e-05,32.03772646355631,28.270901520611027,-7.261296249314887
22675,17,"EGARCH(1,1,1,skewt)",0.0001525282083465312,0.00011715237355935586,9.485838989882248e-05,29.734126274196136,26.6715773127927,-6.732875888649417
22675,18,"EGARCH(1,1,1,skewt)",0.00013140948835159313,0.00010289671948086026,8.157208044844776e-05,30.767945268103574,26.422327259997868,-6.856040123747759
22675,19,"EGARCH(1,1,1,skewt)",0.00010913809213657082,8.59895768606626e-05,7.466427858007436e-05,36.86783076460253,29.574809733087154,-7.108536794433698
22675,20,"EGARCH(1,1,1,skewt)",0.00010436834574035827,7.642769286284821e-05,5.482810535585106e-05,26.6366166029526,24.0112786706609,-7.0538931661022755
22675,21,"EGARCH(1,1,1,skewt)",0.00010323530958808879,6.986565799115338e-05,5.3623896714311066e-05,37.64852064865712,31.511412054162776,-7.431895665525159
22675,22,"EGARCH(1,1,1,skewt)",8.350564262872127e-05,6.096804486755667e-05,4.8278794019653834e-05,32.934779187250754,28.211422580514377,-7.445724576380709
22675,23,"EGARCH(1,1,1,skewt)",9.885576059006851e-05,7.004422425066309e-05,5.38766222672858e-05,34.907347063098946,29.054540804950875,-7.382361592359845
22675,24,"EGARCH(1,1,1,skewt)",0.00011905675316865148,9.011185653872647e-05,7.426312950212599e-05,31.446550439219216,27.40296633524693,-7.023240095464836
22675,25,"EGARCH(1,1,1,skewt)",0.0001301917940350498,8.34883236155833e-05,6.129861723743661e-05,32.79811360597681,28.420263138132423,-7.187761092426315
22675,26,"EGARCH(1,1,1,skewt)",9.49360085048566e-05,7.339344349925629e-05,5.91827845332851e-05,33.149043703750195,28.531802913516515,-7.255952977117629
22675,27,"EGARCH(1,1,1,skewt)",0.00012177231786659073,9.330747466293274e-05,7.526458111145532e-05,34.39115972145254,28.835452875715717,-7.040899962164029
22675,28,"EGARCH(1,1,1,skewt)",0.00013428544953403165,0.00010224662380399657,7.576237336332276e-05,31.11515118703646,26.941952779181182,-6.883938105220262
22675,29,"EGARCH(1,1,1,skewt)",0.00010462780195616747,8.20917799592507e-05,6.930098959678468e-05,35.78148793660759,30.329821556564273,-7.2176776757338335
22675,30,"EGARCH(1,1,1,skewt)",0.00016716802879922565,0.00012046547232242755,9.071264454639554e-05,30.19334978098962,26.50665953126456,-6.738136654818505
22675,31,"EGARCH(1,1,1,skewt)",9.367214924629049e-05,6.999955830144703e-05,5.48604149817548e-05,32.97611935660969,28.463991434049056,-7.35802892178535
22675,32,"EGARCH(1,1,1,skewt)",7.379442977559917e-05,5.729046519946209e-05,4.744672681843349e-05,43.12333686109019,30.328882366358954,-7.542869275112313
22675,33,"EGARCH(1,1,1,skewt)",0.00010099596782489453,7.837396367327206e-05,6.596008971520685e-05,31.15926651008959,27.30857266267857,-7.149444073869676
22675,34,"EGARCH(1,1,1,skewt)",9.563967027019453e-05,7.066650319571904e-05,5.52952585657939e-05,44.22831295677129,33.964411141446725,-7.499555312722944
22675,35,"EGARCH(1,1,1,skewt)",9.44572360484122e-05,6.83818077003123e-05,5.232792863403313e-05,30.04029618193855,26.492139407307413,-7.274161513256237
22675,36,"EGARCH(1,1,1,skewt)",0.00011499111451878048,8.562806155873452e-05,7.264422864999652e-05,34.01440845002938,28.511778675088884,-7.087883027618373
22675,37,"EGARCH(1,1,1,skewt)",0.00011510221738350652,8.698207466233751e-05,7.053139429667912e-05,33.250067534368796,27.791329340460578,-7.049363632999462
22675,38,"EGARCH(1,1,1,skewt)",0.00010221879419839279,7.82104224586615e-05,6.65210056351628e-05,33.73675978547801,28.944689761257898,-7.20762260203872
22675,39,"EGARCH(1,1,1,skewt)",0.00014691104195530062,0.00011033793457327359,8.842794836886399e-05,32.43565534460908,28.369211403371892,-6.860062292508469
22729,1,"EGARCH(1,1,1,skewt)",0.00024212278125962183,0.00017949623717811581,0.0001344724511112776,45.87960369017925,35.407757079373226,-6.571430556083216
22729,2,"EGARCH(1,1,1,skewt)",0.00022566665347262488,0.0001757607702789134,0.00015573667985711322,54.121448885903625,37.72746380415727,-6.623068169338322
22729,3,"EGARCH(1,1,1,skewt)",0.0001899285713972461,0.00014639499969201238,0.00012190119267620401,65.81291079293952,40.43308452811054,-6.869586615494976
22729,4,"EGARCH(1,1,1,skewt)",0.00029883614803759566,0.00021962852712346137,0.00017235498507206894,32.77335358828347,28.112999599090234,-6.148340630140432
22729,5,"EGARCH(1,1,1,skewt)",0.00019663921453528732,0.000152110088320714,0.00012863338060626977,56.71673688608231,37.984146593132145,-6.784143071307469
22729,6,"EGARCH(1,1,1,skewt)",0.00017841723013364619,0.00013457707284268526,0.00010420458574667883,67.35530931220937,40.20559134681854,-6.954385945707945
22729,7,"EGARCH(1,1,1,skewt)",0.00025926926683362953,0.00020131382886776956,0.00017695076136805044,58.670361407290514,39.28610369050018,-6.512033287032919
22729,8,"EGARCH(1,1,1,skewt)",0.0004051564894032252,0.0002750992831290799,0.00020349483125227743,32.76426949303658,28.65710084746439,-5.9605187978101
22729,9,"EGARCH(1,1,1,skewt)",0.00033052921371326934,0.0002564309019352769,0.00020133946729377538,29.82829503710364,24.838369008853224,-5.856673881601627
22729,10,"EGARCH(1,1,1,skewt)",0.00021594568889240202,0.00016526161584260796,0.00014500914827167197,38.42283322338426,31.705200240926583,-6.541645298043152
22729,11,"EGARCH(1,1,1,skewt)",0.0002272969804633274,0.0001724061827113575,0.00014272156988520565,34.93022999161873,29.321848713969423,-6.4131050484106105
22729,12,"EGARCH(1,1,1,skewt)",0.00019075197053927307,0.00014462359293350376,0.00011489456099447856,32.611668844613895,27.033702155560352,-6.498004096005194
22729,14,"EGARCH(1,1,1,skewt)",0.00014364470090535219,0.00010782170396548989,8.939090231093467e-05,44.3544009077762,34.85183401988204,-7.065152142516983
22729,15,"EGARCH(1,1,1,skewt)",0.00012597098156340308,9.469573901879694e-05,7.598621762872773e-05,43.9185863942577,33.30186700801403,-7.159581615598599
22729,16,"EGARCH(1,1,1,skewt)",0.00014575538551526282,0.000110759385852947,8.37872219275018e-05,43.71958502988023,34.16978559987333,-7.018502987136327
22729,17,"EGARCH(1,1,1,skewt)",0.0001855074338943618,0.00013092801716476125,9.797729729720179e-05,44.984888693160514,33.94092121569391,-6.892156493348896
22729,18,"EGARCH(1,1,1,skewt)",0.00017046158242878725,0.00013690290499020902,0.00012023761697159792,72.81719281592271,43.845939216270324,-7.0027291553761035
22729,19,"EGARCH(1,1,1,skewt)",0.00016024709451893134,0.0001226591559101044,9.580604193357914e-05,71.67851661043598,45.01663921739656,-7.195908311157751
22729,20,"EGARCH(1,1,1,skewt)",0.0001837473076823718,0.00013298095864851966,0.00010960779128715128,52.52487978010896,37.992539486974714,-6.937582559273223
22729,21,"EGARCH(1,1,1,skewt)",0.0001562176898306968,9.685832340928462e-05,6.762766022276625e-05,73.785969434599,45.4498643256464,-7.47836580342878
22729,22,"EGARCH(1,1,1,skewt)",0.0001410221023804521,0.00010547962908117182,8.769939924639904e-05,115.0133683125605,51.96556988231568,-7.443963729559752
22729,23,"EGARCH(1,1,1,skewt)",0.00013357599744181882,0.0001012244397583064,7.920966291957463e-05,87.54027533211887,54.41868843147736,-7.558698000023378
22729,24,"EGARCH(1,1,1,skewt)",0.00017936057410488125,0.00010925402850603188,7.936676803513489e-05,54.18889897765651,38.122558692635835,-7.1871684887923255
22729,25,"EGARCH(1,1,1,skewt)",0.00016093993868258614,8.726233296956618e-05,6.38022091807854e-05,71.05559313710611,43.67606460860603,-7.568527284148141
22729,26,"EGARCH(1,1,1,skewt)",0.00012508429075137916,9.10725225139907e-05,7.454467459011906e-05,59.84416572799533,42.939806235726365,-7.446317714236816
22729,27,"EGARCH(1,1,1,skewt)",0.00011495513083676808,8.328701639745523e-05,6.51506875669655e-05,5618.654819603312,50.339868971451416,-7.689856773943638
22729,28,"EGARCH(1,1,1,skewt)",0.00015048645137292623,0.00011171925679905867,8.964053968932078e-05,99.34798001365871,46.76593096601175,-7.319782921206044
22729,29,"EGARCH(1,1,1,skewt)",0.00013704246577468093,0.00010714625396665381,8.96975197023438e-05,65.53785894794487,41.75415642457752,-7.2232122899546525
22729,30,"EGARCH(1,1,1,skewt)",0.00012839368912928708,0.00010061645993712822,8.624096474673888e-05,71.58048133548908,42.27408063699174,-7.291623383404042
22729,31,"EGARCH(1,1,1,skewt)",0.00013781993563641374,0.0001031112396975189,8.265788029309385e-05,78.30347626553971,45.94409885287424,-7.369825562153093
22729,32,"EGARCH(1,1,1,skewt)",0.00010177475877856767,7.527803015857287e-05,5.873468828944895e-05,7036.980643714651,53.77657887938039,-7.858942941377791
22729,33,"EGARCH(1,1,1,skewt)",0.00014472133415575856,0.00011096715426812457,9.143439072412572e-05,58.304560227996994,39.62698739749963,-7.1549111628374265
22729,34,"EGARCH(1,1,1,skewt)",0.0001288428449753687,9.923145088823182e-05,7.747847077271334e-05,56.53085056728576,39.96445426154671,-7.28941843377659
22729,35,"EGARCH(1,1,1,skewt)",0.00011519470197387787,9.205166912035204e-05,7.673486457759101e-05,5283.847876814128,42.21764291049278,-7.394468043782164
22729,36,"EGARCH(1,1,1,skewt)",0.0002163409092222438,0.00015448942526533112,0.0001132022958237937,43.35641415536828,35.88653566637766,-6.7776110207843985
22729,37,"EGARCH(1,1,1,skewt)",0.00017254855026081585,9.958313655340015e-05,7.32155855634853e-05,39.27557795175703,31.098315277687906,-7.083389239619594
22729,38,"EGARCH(1,1,1,skewt)",0.0001357576288015176,0.00010229667725617719,8.601064936360627e-05,50.61207822565278,36.18421833778078,-7.156990436111583
22729,39,"EGARCH(1,1,1,skewt)",0.00017228923671360895,0.00012320547048926537,9.004543807636248e-05,39.68101894159613,32.396078636752925,-6.882318643506763
22753,1,"EGARCH(1,1,1,skewt)",0.0002619263759312736,0.00012168472895061873,8.258888782159318e-05,19.30659028920524,18.300862182017706,-6.405186094919229
22753,2,"EGARCH(1,1,1,skewt)",0.00018850065121330933,0.0001400324363026616,0.00010993511088769033,20.06095833239202,18.98801340309923,-6.238124834817512
22753,3,"EGARCH(1,1,1,skewt)",0.00012439059213822717,9.599728746549932e-05,8.264445466540471e-05,21.8908449538847,20.097268046018158,-6.65063058887037
22753,4,"EGARCH(1,1,1,skewt)",0.00018659854524428484,0.0001325844592471995,0.00010846285026956714,16.9030765740365,16.61560972031726,-6.157843336086858
22753,5,"EGARCH(1,1,1,skewt)",0.00012462959572141077,9.155490858480742e-05,7.471887017447708e-05,27.205878507421836,23.825220270186005,-6.873838928098033
22753,6,"EGARCH(1,1,1,skewt)",0.00011869232735811766,8.077917347392795e-05,6.0241527762812315e-05,24.131930315318968,22.03532625662638,-6.915804743034676
22753,7,"EGARCH(1,1,1,skewt)",0.0001290457190611704,9.291153020312532e-05,7.086879195307487e-05,24.16310776753696,22.200670497143665,-6.791490585096501
22753,8,"EGARCH(1,1,1,skewt)",0.00019114170176954154,0.00013300753123218274,9.907415990488886e-05,17.33647326240274,16.56879446549634,-6.17015512052757
22753,9,"EGARCH(1,1,1,skewt)",0.00016706145028162048,0.00012420617584664562,9.794194470365091e-05,16.241758481009054,15.221002846034127,-6.14147519630816
22753,10,"EGARCH(1,1,1,skewt)",0.0001021128340443992,8.112370566557963e-05,6.999174079999439e-05,22.57406045000013,20.62462442728117,-6.868818487076728
22753,11,"EGARCH(1,1,1,skewt)",0.000482303874758664,0.0001704378808135927,9.152725121651162e-05,19.952507151495062,19.594797746203614,-6.2675203943110125
22753,12,"EGARCH(1,1,1,skewt)",0.00013937481086621285,0.00010342548474191803,8.460673484407818e-05,20.141545749459674,19.011999822927645,-6.527702842412922
22753,14,"EGARCH(1,1,1,skewt)",7.841430615047177e-05,5.9772004036623815e-05,4.647533761803179e-05,17.902393933844515,16.83211531442061,-6.948947687465858
22753,15,"EGARCH(1,1,1,skewt)",9.781136757035774e-05,6.939450641021955e-05,4.982506845260595e-05,20.39821881826892,18.764781261207634,-6.914848153251097
22753,16,"EGARCH(1,1,1,skewt)",8.428863683541985e-05,6.339604796954252e-05,5.194996434401865e-05,19.548154044321507,18.627151852683916,-6.993802477024722
22753,17,"EGARCH(1,1,1,skewt)",0.00011461643431069329,8.264700055967447e-05,6.802759245387387e-05,21.91274135286777,20.76324602493847,-6.855456662854304
22753,18,"EGARCH(1,1,1,skewt)",9.739002671214945e-05,7.18096652293647e-05,5.506070092912567e-05,22.793687902875988,20.673721307541978,-6.974679402962388
22753,19,"EGARCH(1,1,1,skewt)",9.639287893868793e-05,6.897058676016182e-05,5.069432771492697e-05,19.434156647585745,18.392484638397182,-6.947759188198783
22753,20,"EGARCH(1,1,1,skewt)",0.00011094956953935688,7.80852577528007e-05,5.9398329855859725e-05,22.441453244060895,20.914011083540878,-6.929274189913908
22753,21,"EGARCH(1,1,1,skewt)",9.921435363155964e-05,7.174831087987208e-05,5.5684847465171854e-05,25.13541986983036,22.970001117055833,-7.114273830193052
22753,22,"EGARCH(1,1,1,skewt)",7.374239168300423e-05,5.4999083515979844e-05,4.27780945503888e-05,23.394988430394587,21.090982064912183,-7.255228135266924
22753,23,"EGARCH(1,1,1,skewt)",9.452795185190368e-05,7.111032286066063e-05,5.412267508791059e-05,25.64483067144227,23.11828367637805,-7.124102598823871
22753,24,"EGARCH(1,1,1,skewt)",0.00014533552375612803,0.00010140929602982219,7.973759518447069e-05,19.358766606602938,18.311795142340078,-6.5534943985606695
22753,25,"EGARCH(1,1,1,skewt)",9.459851805752975e-05,6.737939812826056e-05,5.189929088071932e-05,22.402277996633018,21.075706777608268,-7.094809383917808
22753,26,"EGARCH(1,1,1,skewt)",8.395598842250788e-05,5.9261479347136346e-05,4.373186296593141e-05,20.814302735696575,19.60175874513894,-7.166926948604658
22753,27,"EGARCH(1,1,1,skewt)",8.904088909928499e-05,6.247090792583154e-05,4.734361669563782e-05,18.2084647138128,17.238068224685446,-6.970036542552104
22753,28,"EGARCH(1,1,1,skewt)",9.442629628812814e-05,7.143910723283271e-05,5.755515056834947e-05,17.247656458409917,16.365897758482294,-6.760286474496754
22753,29,"EGARCH(1,1,1,skewt)",8.641771800378107e-05,6.602756880667496e-05,5.040136003224705e-05,18.740369995315074,17.5886530230004,-6.923677638213936
22753,30,"EGARCH(1,1,1,skewt)",9.642488467788489e-05,7.008249153406983e-05,5.176200458663959e-05,17.887646109941418,16.85601926147926,-6.818940175376246
22753,31,"EGARCH(1,1,1,skewt)",8.648713049220615e-05,6.710163908493462e-05,5.456158814941434e-05,19.78445956469466,18.60276664215135,-6.952043300817221
22753,32,"EGARCH(1,1,1,skewt)",8.204265322487774e-05,6.293273944742175e-05,4.962663166405162e-05,21.63865895012356,19.73605632040303,-7.095795100250581
22753,33,"EGARCH(1,1,1,skewt)",9.3762075896561e-05,6.758885280482305e-05,5.644345953249879e-05,18.581494658515172,17.56224562442651,-6.909123311346078
22753,34,"EGARCH(1,1,1,skewt)",9.953101633173275e-05,7.375492287975444e-05,5.664210918219442e-05,25.256657504210324,22.863821870438517,-7.110035785691798
22753,35,"EGARCH(1,1,1,skewt)",7.846108635519384e-05,5.9705565338922586e-05,4.736321937938948e-05,19.647701829893816,18.26027730884724,-7.046097703304887
22753,36,"EGARCH(1,1,1,skewt)",0.00010270949118800061,7.418573701953437e-05,5.8101414680301265e-05,19.39253502090819,18.05978843932302,-6.84402692810136
22753,37,"EGARCH(1,1,1,skewt)",0.00014500997397184,8.335602193911206e-05,6.295257089652248e-05,19.229572135120033,18.32060422992907,-6.753925267024293
22753,38,"EGARCH(1,1,1,skewt)",9.453649558439313e-05,7.077293079184842e-05,5.8089998905658e-05,21.97013294388706,20.26014934910328,-6.997007769279334
22753,39,"EGARCH(1,1,1,skewt)",0.00014235380563364276,0.00010597645817906982,8.315795066030576e-05,21.969205839823022,20.621123394386785,-6.59607404934687
22771,1,"EGARCH(1,1,1,skewt)",0.00017670053876522185,0.00013404338600118827,0.00010735512015081991,32.63948440112841,27.36667218180982,-6.619236494171418
22771,2,"EGARCH(1,1,1,skewt)",0.00026941413279962237,0.0001791445386558965,0.0001402111918624418,33.668174764378286,28.601478486804595,-6.428351179115662
22771,3,"EGARCH(1,1,1,skewt)",0.00021292169046817258,0.00016831827391251697,0.00014074670481005214,33.179569158241755,28.413151723741848,-6.439226390415221
22771,4,"EGARCH(1,1,1,skewt)",0.000305520855091697,0.00023393696641081028,0.0001914161594797029,37.89959302384223,30.476547210113957,-6.156249554490279
22771,5,"EGARCH(1,1,1,skewt)",0.0002124761380901419,0.0001659733344815558,0.00014034525984104272,46.89286486348589,35.97709793655427,-6.6784753643717165
22771,6,"EGARCH(1,1,1,skewt)",0.0001878280773463952,0.00013990905675298108,0.00010436355776831106,45.27219016517852,34.42094000299679,-6.8327643531759445
22771,7,"EGARCH(1,1,1,skewt)",0.00016730483197994306,0.00012660527484342415,9.937971369106992e-05,35.802993866264444,29.19473243243932,-6.7258220282194925
22771,8,"EGARCH(1,1,1,skewt)",0.0003023108000132306,0.00021891609286460778,0.0001691978214635265,29.425641329330297,25.727918728378658,-6.080005471209546
22771,9,"EGARCH(1,1,1,skewt)",0.0004296403877212857,0.0002910152963291115,0.00022963250528756137,29.907978654938166,25.815366972033605,-5.838061665379382
22771,10,"EGARCH(1,1,1,skewt)",0.0007054298381981218,0.00022144685866076167,0.00013800402111413009,29.101905612177823,25.64399489297794,-6.24631575184303
22771,11,"EGARCH(1,1,1,skewt)",0.00026768700987340316,0.00017994753121764755,0.00012800419482588015,39.62282484922644,32.188972632249445,-6.505861367588491
22771,12,"EGARCH(1,1,1,skewt)",0.00020393942309688377,0.0001567579822608003,0.0001233038513366761,28.797528741921795,24.975259096213488,-6.356331149578444
22771,14,"EGARCH(1,1,1,skewt)",0.0001588619289323533,0.00011844162484255285,8.925421293849147e-05,35.32765842113946,28.6485713685546,-6.768692647618718
22771,15,"EGARCH(1,1,1,skewt)",0.00016281144235488543,0.0001217150978803665,9.573119013604465e-05,41.601421784643456,34.12417551930239,-6.948748583033705
22771,16,"EGARCH(1,1,1,skewt)",0.00019630220185609052,0.00015443426815529303,0.00013513618224256154,38.142765721897725,32.09711639214075,-6.659334061568184
22771,17,"EGARCH(1,1,1,skewt)",0.00023196686427883162,0.0001602771584940736,0.00012117043395438591,38.6498192506593,31.080051031658794,-6.580230241694863
22771,18,"EGARCH(1,1,1,skewt)",0.00013673090057704737,0.00010713010793615853,8.745155211512451e-05,28.183609814531746,25.186655639938916,-6.754873418036056
22771,19,"EGARCH(1,1,1,skewt)",0.0001400429906973084,0.00010570571712730161,7.96975930311737e-05,37.84905358765125,27.66998153268412,-6.833115618467166
22771,20,"EGARCH(1,1,1,skewt)",0.00017774495875405805,0.00011797129894521903,8.260583986703882e-05,36.32830892072626,28.71543321603785,-6.794095944922152
22771,21,"EGARCH(1,1,1,skewt)",0.00015221694067345796,0.00010422099234193512,7.8661763068272e-05,36.43324964510617,30.463730693353803,-7.002944939879036
22771,22,"EGARCH(1,1,1,skewt)",0.00014012114966578605,0.00010616595947822404,8.640111803254962e-05,38.87916672651951,31.372151217990872,-6.999766366132479
22771,23,"EGARCH(1,1,1,skewt)",0.000125140832779741,8.921067839898825e-05,6.796169735692253e-05,41.79594048597256,31.725828817148617,-7.189590943974651
22771,24,"EGARCH(1,1,1,skewt)",0.0002897314197396794,0.0001448111512435106,0.0001103849358282134,37.09187580201641,30.69948002108669,-6.701283077706133
22771,25,"EGARCH(1,1,1,skewt)",0.00020657522038930402,0.00012951191072445135,9.063711183673628e-05,43.07730313069494,35.4699559933908,-6.987323798440219
22771,26,"EGARCH(1,1,1,skewt)",0.0001266629167956825,9.861192128312557e-05,8.303056259000553e-05,42.45102936347547,33.593084116363855,-7.105810370159146
22771,27,"EGARCH(1,1,1,skewt)",0.00014134454948363782,9.878046299299247e-05,6.657604919028963e-05,38.887612543104474,32.02500717266116,-7.144079158743099
22771,28,"EGARCH(1,1,1,skewt)",0.00017363399639651908,0.00011967439083093026,8.630048108651298e-05,37.45776763127406,31.146923292701583,-6.900661722969821
22771,29,"EGARCH(1,1,1,skewt)",0.00014613767441613908,0.00011062269369138999,8.770626797458212e-05,39.89964968955966,33.218123842164474,-7.00429048605984
22771,30,"EGARCH(1,1,1,skewt)",0.00014937545848303066,0.00011372472631564998,8.705131681371254e-05,40.634512303958644,31.641908129440026,-6.893876081292594
22771,31,"EGARCH(1,1,1,skewt)",0.00016366363579251988,0.00011979877039894335,9.225709259361686e-05,53.57749564487716,39.81357112971391,-7.132693983423604
22771,32,"EGARCH(1,1,1,skewt)",0.00015840966477368264,0.00011268964227804789,8.628103506667879e-05,48.386701009673885,37.04800443702378,-7.131387779692616
22771,33,"EGARCH(1,1,1,skewt)",0.00014963999754042957,0.00010594002328613668,7.784609431015936e-05,34.070947217813455,29.046792934854977,-6.9655353453647795
22771,34,"EGARCH(1,1,1,skewt)",0.00019674515676196386,0.0001398164340783001,0.00010123255645190397,49.43952700228187,38.17215338400387,-6.9735599352757465
22771,35,"EGARCH(1,1,1,skewt)",0.00013612261524535298,0.00010001432223801274,7.647759730917754e-05,33.09594184745444,28.532373060863954,-6.983823658480466
22771,36,"EGARCH(1,1,1,skewt)",0.0003062268425919233,0.0002152626522982468,0.00016017016914099354,50.353454621495864,38.11857847701332,-6.492386216490169
22771,37,"EGARCH(1,1,1,skewt)",0.0002271069926339302,0.00013973971892942237,0.00010130639267916273,41.14471130782913,33.81610386311175,-6.8399197779545
22771,38,"EGARCH(1,1,1,skewt)",0.00016955555424773538,0.00012363688026976655,0.00010044349151406659,42.83319672431208,33.412508635212745,-6.9209186810785495
22771,39,"EGARCH(1,1,1,skewt)",0.0001714690132815434,0.00013258102860031005,0.00010481920553697714,30.066938996888958,26.49659338898815,-6.628366312334418
22951,1,"EGARCH(1,1,1,skewt)",0.0002030178472006918,0.00013884723901762586,0.00010148747405094302,22.801261490096085,21.013632624316593,-6.366268432096966
22951,2,"EGARCH(1,1,1,skewt)",0.0001920920712423327,0.00014392598441295465,0.0001149119605983561,22.71966376149138,21.18634904070115,-6.321227028773719
22951,3,"EGARCH(1,1,1,skewt)",0.00017750284445292337,0.0001291252321601595,9.568992881520431e-05,25.598365930227367,23.40823991704947,-6.52665310036902
22951,4,"EGARCH(1,1,1,skewt)",0.00029702144146993896,0.00023357036231563296,0.00019618614875617014,24.191942479131107,22.30526979778717,-5.852351580588734
22951,5,"EGARCH(1,1,1,skewt)",0.0001176865341154801,9.388148375107937e-05,7.565609378047843e-05,21.889911320106705,20.053499901638894,-6.678423544147688
22951,6,"EGARCH(1,1,1,skewt)",0.00014975968834553792,0.00011073697943316138,8.856231295271456e-05,30.02070490501991,27.05994637482212,-6.84563807399519
22951,7,"EGARCH(1,1,1,skewt)",0.00018339550383140605,0.0001347287683882081,0.00011418471050484211,23.09626508120571,21.917455318094678,-6.430217506435133
22951,8,"EGARCH(1,1,1,skewt)",0.0003887318893374301,0.0002302580210353996,0.00015919260394959374,21.977460345428774,21.121939457825533,-5.8957051799612135
22951,9,"EGARCH(1,1,1,skewt)",0.00026796977659805443,0.0002090506578422724,0.000165997625759181,18.70004376207887,17.168197332440034,-5.713878724098268
22951,10,"EGARCH(1,1,1,skewt)",0.00015883644428592598,0.00012486334924776055,0.00010683365133166408,22.492904534482093,20.664766619836445,-6.447711467972685
22951,11,"EGARCH(1,1,1,skewt)",0.00025548659762332065,0.00018334672046534174,0.00014652311583096886,24.596884648896385,22.827964202380276,-6.14269896089753
22951,12,"EGARCH(1,1,1,skewt)",0.0002104748160875534,0.00015385635830181436,0.0001272924628257592,17.39543392037975,16.774470296194217,-6.011538550725827
22951,14,"EGARCH(1,1,1,skewt)",0.00014083177105780537,9.522867599886679e-05,7.487756937451007e-05,21.931675856519046,20.599747498599356,-6.7452217191327115
22951,15,"EGARCH(1,1,1,skewt)",0.00012937896185336885,9.05158684445512e-05,7.191390086923156e-05,25.866742255102654,23.145345460664707,-6.875941122829722
22951,16,"EGARCH(1,1,1,skewt)",0.00015732846035314274,0.00011521602815258926,9.252518006323273e-05,28.536077146757982,25.999348890165784,-6.750632599413945
22951,17,"EGARCH(1,1,1,skewt)",0.00014976404126924392,0.00010546960961221722,8.446535233476085e-05,21.090008781526972,20.07521549817294,-6.5906710112329385
22951,18,"EGARCH(1,1,1,skewt)",0.00013765637391972342,0.00010623103410204499,8.741762439510065e-05,25.414600294226254,23.102091221271337,-6.698534879989489
22951,19,"EGARCH(1,1,1,skewt)",0.00012834589984649257,9.710211251079683e-05,8.237021454024333e-05,23.459819479650747,21.525218979972543,-6.727131766864979
22951,20,"EGARCH(1,1,1,skewt)",0.00014677591897047898,8.754965357901392e-05,5.6483070667001216e-05,20.354460546267756,19.249614845486132,-6.756144907050952
22951,21,"EGARCH(1,1,1,skewt)",0.00012811425624789804,8.724360666471215e-05,6.752275118784211e-05,25.69828198066821,23.963949483674618,-6.952979629002659
22951,22,"EGARCH(1,1,1,skewt)",0.0001225418586111729,8.783932938766837e-05,6.696959509018747e-05,24.889663800822976,23.250655167181222,-6.952444468985227
22951,23,"EGARCH(1,1,1,skewt)",0.00011661740912356319,7.582046574005392e-05,5.557988376808254e-05,23.22897950757321,21.455237632617763,-7.004535504880765
22951,24,"EGARCH(1,1,1,skewt)",0.00015722109110066779,0.00010868288820253515,8.416220379493255e-05,23.69261232948175,22.06203354867691,-6.645198485209026
22951,25,"EGARCH(1,1,1,skewt)",0.00019897188366958785,9.183803230083114e-05,6.0274579528497645e-05,28.190134623937084,25.26457210463035,-7.076377226613515
22951,26,"EGARCH(1,1,1,skewt)",0.00011677632482007372,8.371301465874643e-05,5.786027583183795e-05,28.864694367787752,25.725200501972346,-7.06286753071252
22951,27,"EGARCH(1,1,1,skewt)",0.00011203734465741488,7.797956413274538e-05,5.9670656923435086e-05,25.636893481044794,23.259514888597916,-7.0403243139000775
22951,28,"EGARCH(1,1,1,skewt)",0.00011931971733770912,8.991183117988635e-05,7.544733713351219e-05,23.35678910772665,21.52725696997646,-6.806279330304135
22951,29,"EGARCH(1,1,1,skewt)",0.0001919682231826517,0.0001419455960164325,0.00011023888003081089,26.091607013063644,23.67065968957352,-6.480334933811504
22951,30,"EGARCH(1,1,1,skewt)",0.00012562087629765546,9.56239728968657e-05,7.951437565086028e-05,24.11154642897647,22.16407033235011,-6.783837729575315
22951,31,"EGARCH(1,1,1,skewt)",0.00011218644470632112,7.930783180563578e-05,6.238762909055098e-05,27.836568385330285,24.964563311808533,-7.122221198098501
22951,32,"EGARCH(1,1,1,skewt)",7.823969125363095e-05,5.6123170313388905e-05,4.3297486697314424e-05,24.777296079657784,22.2330243265278,-7.313553947569224
22951,33,"EGARCH(1,1,1,skewt)",0.00011877634090340773,8.273638014549203e-05,6.609736011011903e-05,28.416283627993757,25.26642522452121,-7.052752424504574
22951,34,"EGARCH(1,1,1,skewt)",0.00011668139461846818,7.525717948621512e-05,4.912398443192294e-05,24.702874088941208,22.619791947550585,-7.127188704168645
22951,35,"EGARCH(1,1,1,skewt)",9.02307473289874e-05,5.885583003496004e-05,4.3607229529398124e-05,23.001827447808875,20.953002828669828,-7.214059854675584
22951,36,"EGARCH(1,1,1,skewt)",0.00014245977813421928,9.885746010519666e-05,7.283062918595859e-05,23.84084358057403,21.671190746685355,-6.742476553332543
22951,37,"EGARCH(1,1,1,skewt)",0.00028752239596905704,0.00011630074835510401,8.104241995581204e-05,24.685788951838692,23.33707932044776,-6.726060122243495
22951,38,"EGARCH(1,1,1,skewt)",0.00017375374636753672,0.0001264125364833173,9.429728437469122e-05,26.80493400430293,24.898407071904263,-6.6261433016065165
22951,39,"EGARCH(1,1,1,skewt)",0.0001682286057556641,0.00012481661007623061,0.00010188714151556361,25.004936694632896,23.507272525041202,-6.57109599959468
48219,1,"EGARCH(1,1,1,skewt)",0.00022717920491915477,0.00017983431993982062,0.00015288266106192852,30.409876142229493,26.232839598772532,-6.2751220379059305
48219,2,"EGARCH(1,1,1,skewt)",0.00029664894352266304,0.00021797380718108987,0.00016974736479581328,38.84293677843026,31.18598435668111,-6.266583747696269
48219,3,"EGARCH(1,1,1,skewt)",0.00017756397045214984,0.00014100750314169377,0.00011768253210717072,39.62411331712754,29.930760988654026,-6.631411781936499
48219,4,"EGARCH(1,1,1,skewt)",0.00030443199198443364,0.00023557183959254692,0.0001944085101473853,26.464256973940792,23.998623074555333,-5.927000573202996
48219,5,"EGARCH(1,1,1,skewt)",0.00016602061555036978,0.0001242222397758631,9.253946736096827e-05,31.104987300148128,23.98538343063773,-6.533950113774466
48219,6,"EGARCH(1,1,1,skewt)",0.00016432265969852506,0.0001257380811227936,0.00010198518820075468,32.834723842387845,27.22845549197884,-6.686479236050203
48219,7,"EGARCH(1,1,1,skewt)",0.00015564944967556282,0.00012117537600953258,9.727810789880202e-05,29.499257302131713,25.371583181255055,-6.622127321700306
48219,8,"EGARCH(1,1,1,skewt)",0.00023045907591856055,0.00016715746543981578,0.0001279195460512102,21.643966887921344,19.59049823712638,-6.094545017309609
48219,9,"EGARCH(1,1,1,skewt)",0.00032295590259104047,0.00022670050240008218,0.00016020393221151445,23.59571052572943,20.895612203083605,-5.896305097521766
48219,10,"EGARCH(1,1,1,skewt)",0.00017487292281085544,0.00013709397146262722,0.0001111113955273339,33.61396423822537,27.6627762520596,-6.602353319217342
48219,11,"EGARCH(1,1,1,skewt)",0.00020040890501450025,0.0001560646160050989,0.00013486476247887754,27.796006956632308,25.338986441513327,-6.4007899061144435
48219,12,"EGARCH(1,1,1,skewt)",0.00020279406679701162,0.00016097993917636163,0.00014008691296106955,29.360185005308804,25.84701996178684,-6.359051420722438
48219,14,"EGARCH(1,1,1,skewt)",0.00017777314226162,0.00013685099594952637,0.00010773366102190691,40.624824324797984,32.44124188241338,-6.7832672121838975
48219,15,"EGARCH(1,1,1,skewt)",0.00019139702964572484,0.00014603252283208734,0.00011821976098095165,35.3031011291373,29.106844696064538,-6.603339948027544
48219,16,"EGARCH(1,1,1,skewt)",0.00019607750443854924,0.00014495821110628625,0.00011090883370306988,39.02377442927859,30.702704871698362,-6.6498947543762315
48219,17,"EGARCH(1,1,1,skewt)",0.00022191594955418416,0.0001723225132820169,0.0001387792959076378,33.89830780706778,28.243742267288024,-6.383018548387651
48219,18,"EGARCH(1,1,1,skewt)",0.00016706595286170657,0.00013042463237119862,0.00011168480671618368,35.91513188615719,28.53833720235887,-6.661486024121286
48219,19,"EGARCH(1,1,1,skewt)",0.00020389120622913136,0.0001549652137606016,0.0001238127977204722,39.10789872487489,31.715762865010493,-6.644759020857881
48219,20,"EGARCH(1,1,1,skewt)",0.00017740084580747422,0.00013032832205538104,0.00010422531921270317,34.58614035125554,29.52966514359947,-6.738630570674344
48219,21,"EGARCH(1,1,1,skewt)",0.0001761178080443301,0.00013437143760871906,0.00010547243403140788,31.576792289257043,27.63967381551135,-6.648732259032513
48219,22,"EGARCH(1,1,1,skewt)",0.00013433923457467455,0.00010743158647556651,8.921792822111845e-05,32.60062079134357,28.755523174967728,-6.9039995337058055
48219,23,"EGARCH(1,1,1,skewt)",0.00015965457916670007,0.00012334164171819622,0.00010437182852446257,40.747402455099774,32.569413682184994,-6.895680212585651
48219,24,"EGARCH(1,1,1,skewt)",0.00023353129193618138,0.00018073397057067166,0.00014521011111668703,31.416870560982872,27.25382305760304,-6.342322424178905
48219,25,"EGARCH(1,1,1,skewt)",0.00019233176293329197,0.00013547193358667326,0.00010831282628523579,41.41104325886319,33.313327097019226,-6.802276072290045
48219,26,"EGARCH(1,1,1,skewt)",0.00014069692075134908,0.00011143112695416881,9.79308465141111e-05,56.30259397638972,35.83539576188678,-7.06285489674042
48219,27,"EGARCH(1,1,1,skewt)",0.0001977473150348989,0.00015057101822212458,0.0001146679443416136,48.93056391648263,35.18921288991873,-6.779615633006057
48219,28,"EGARCH(1,1,1,skewt)",0.0001895432514712894,0.00014229604411692234,0.00011597412992652917,38.768990793089515,31.314344848286197,-6.7306103130204615
48219,29,"EGARCH(1,1,1,skewt)",0.00017264989873555633,0.00013173510157522673,0.00010045775325597092,35.368185894369105,28.980899123673925,-6.712745191051691
48219,30,"EGARCH(1,1,1,skewt)",0.00019024397233506946,0.00014559445959192184,0.00011667614007930324,14519.460383976011,34.76620638014308,-6.75258368040136
48219,31,"EGARCH(1,1,1,skewt)",0.00019739868536409975,0.00015571313323565415,0.00013054827429539596,33.537550283038286,28.28834951452909,-6.5111753847812865
48219,32,"EGARCH(1,1,1,skewt)",0.0001560653137356638,0.0001185106277407415,9.586742804850382e-05,40.47725366577412,32.84005483385254,-6.947473388814844
48219,33,"EGARCH(1,1,1,skewt)",0.00019069123667226942,0.0001458470281635062,0.00012396239861737175,35.55230387643625,29.40139388804151,-6.627712673828775
48219,34,"EGARCH(1,1,1,skewt)",0.00015722644846194163,0.00011966373527869795,9.987181685838922e-05,37.34355333169639,30.815630701384105,-6.876459181127553
48219,35,"EGARCH(1,1,1,skewt)",0.00014411507779344738,0.00011150122745014033,9.174147322759952e-05,31.925298266026108,27.18339245468508,-6.8240299383076914
48219,36,"EGARCH(1,1,1,skewt)",0.00019528903653458435,0.0001319837684935009,9.41794002000567e-05,38.55671204731752,31.60897901152216,-6.841866429557112
48219,37,"EGARCH(1,1,1,skewt)",0.00020185156444419954,0.00015601748586665094,0.00012730989591944997,32.667077496886634,28.395434636449895,-6.516260781741918
48219,38,"EGARCH(1,1,1,skewt)",0.00014487992784768426,0.00010743599709228,8.655382594018846e-05,33.47541860064408,28.071830703283208,-6.902564014631042
48219,39,"EGARCH(1,1,1,skewt)",0.00022590059750103616,0.00017007468566830651,0.00013471016140733941,37.02858124800173,30.805278032664123,-6.538222703224741
50200,1,"EGARCH(1,1,1,skewt)",0.00010847147733005624,8.290460770850833e-05,6.616502823534356e-05,25.091956812347547,23.79342621149541,-7.014045714516972
50200,2,"EGARCH(1,1,1,skewt)",0.00010337485256346858,7.594169122192537e-05,5.684788454887591e-05,23.182316852556962,21.967523530893473,-7.042948677642466
50200,3,"EGARCH(1,1,1,skewt)",5.399116994604797e-05,4.079912630455234e-05,3.184645814527181e-05,23.314758405156805,21.808298382866607,-7.608695764597277
50200,4,"EGARCH(1,1,1,skewt)",0.00016648002519053596,0.00012104379383168684,9.49751457441596e-05,19.658266288637538,19.483782189918443,-6.4117210623377945
50200,5,"EGARCH(1,1,1,skewt)",5.0712284014869706e-05,3.840817641060511e-05,3.1393845163102835e-05,22.537458843493212,21.219788464009554,-7.654340397174302
50200,6,"EGARCH(1,1,1,skewt)",7.060814152803563e-05,4.239889561416373e-05,3.064015625082049e-05,26.764370473074532,25.345958227822575,-7.7705318043434435
50200,7,"EGARCH(1,1,1,skewt)",8.786133881473364e-05,5.982240489145508e-05,4.3474182119093e-05,24.83520115748541,23.423416157275767,-7.326068739171977
50200,8,"EGARCH(1,1,1,skewt)",0.00014908467878258972,0.0001149606087980585,9.255342120158722e-05,18.26641563149463,17.592816188810367,-6.349374691755127
50200,9,"EGARCH(1,1,1,skewt)",0.00014242475336110821,0.00011540572492482992,0.00010201030910776785,17.319247763533255,16.3091907911371,-6.255871637942751
50200,10,"EGARCH(1,1,1,skewt)",8.180050978145832e-05,6.123054912066514e-05,4.817087770311576e-05,24.004041305330407,21.61033038949348,-7.2144972220175685
50200,11,"EGARCH(1,1,1,skewt)",8.347611656239191e-05,5.976933404992511e-05,4.543579136144987e-05,19.588988308796576,18.67946838266143,-7.079658256986809
50200,12,"EGARCH(1,1,1,skewt)",8.21966621670616e-05,5.886885747237216e-05,4.715712798428071e-05,19.22187059451079,18.593758819170926,-7.087379215700193
50200,14,"EGARCH(1,1,1,skewt)",5.0432661376418835e-05,3.168397882756715e-05,2.3055115482677663e-05,21.98728216431117,21.205065306170077,-7.878684154460211
50200,15,"EGARCH(1,1,1,skewt)",5.08599488167677e-05,3.3733136426490626e-05,2.5877797148463608e-05,20.665551328585416,20.13772702387715,-7.752709831203531
50200,16,"EGARCH(1,1,1,skewt)",4.548037058043853e-05,3.100863652252828e-05,2.3164285912026297e-05,20.291689154660325,19.587516004062174,-7.811303023357094
50200,17,"EGARCH(1,1,1,skewt)",8.802406545829462e-05,5.982287918820314e-05,4.303207387380351e-05,22.80901931486258,22.427692946462926,-7.270597179867317
50200,18,"EGARCH(1,1,1,skewt)",5.9554583921815474e-05,4.136095355073224e-05,3.347245959871287e-05,20.070053081078772,19.53124909951854,-7.499225276391131
50200,19,"EGARCH(1,1,1,skewt)",5.809274295590016e-05,3.904665190384497e-05,2.859458350940894e-05,19.280727372327732,18.347928781585793,-7.527370265061935
50200,20,"EGARCH(1,1,1,skewt)",7.921953504349764e-05,4.8633641963798974e-05,3.437331040485319e-05,19.391225988776466,18.899167422015005,-7.325788247720098
50200,21,"EGARCH(1,1,1,skewt)",5.472721888474437e-05,3.137444423786412e-05,2.119956226284876e-05,21.583504252934187,21.053778380248573,-7.911251038133972
50200,22,"EGARCH(1,1,1,skewt)",3.894680978297472e-05,2.633221030739985e-05,1.9104291163348394e-05,23.373570100030033,21.35935066715364,-8.043403346534769
50200,23,"EGARCH(1,1,1,skewt)",4.693088920226329e-05,2.785345941460985e-05,1.943475164103733e-05,23.669439940941285,21.686564537650288,-8.029793735922276
50200,24,"EGARCH(1,1,1,skewt)",7.474727986660552e-05,5.088780298260903e-05,3.5443579988109046e-05,19.29262575820288,18.624774670544568,-7.2720992044660155
50200,25,"EGARCH(1,1,1,skewt)",4.9689278630809693e-05,2.458364755167798e-05,1.5999246342653315e-05,19.92809543092614,18.92350700366552,-8.077381109680283
50200,26,"EGARCH(1,1,1,skewt)",3.9687171749106834e-05,2.2990042608137767e-05,1.6235197636631083e-05,20.98449526792532,20.284333136943214,-8.13887534346414
50200,27,"EGARCH(1,1,1,skewt)",5.509488216996804e-05,2.824580462235562e-05,1.9098777030036335e-05,22.57761185506453,21.523085671458755,-8.038107182460651
50200,28,"EGARCH(1,1,1,skewt)",6.540953069137418e-05,4.7434958688294264e-05,3.80514963039555e-05,21.563687357555416,20.463956480010957,-7.406874966505516
50200,29,"EGARCH(1,1,1,skewt)",4.276601843299901e-05,2.7833853736956648e-05,2.0614298123145165e-05,19.822973180293044,18.955406544751277,-7.887871584583051
50200,30,"EGARCH(1,1,1,skewt)",5.3233961443809715e-05,3.6055779021151616e-05,2.8606075012414605e-05,19.07227866663342,18.531921028654054,-7.598185561302154
50200,31,"EGARCH(1,1,1,skewt)",3.349900435609312e-05,2.3002799516193184e-05,1.7883556367075144e-05,19.304884593388085,18.4143963895946,-8.05816337485062
50200,32,"EGARCH(1,1,1,skewt)",3.1520194752362325e-05,2.110451152360616e-05,1.5149172617823722e-05,4659.713588484618,23.690230350726257,-8.321376055796883
50200,33,"EGARCH(1,1,1,skewt)",4.829857779845872e-05,3.382088712071377e-05,2.667386696401362e-05,18.503516927809358,17.705485181103455,-7.606293035870129
50200,34,"EGARCH(1,1,1,skewt)",4.714639524814946e-05,2.8897266183228018e-05,1.9078813730037013e-05,22.779642284566243,21.27151912740187,-8.053882758113748
50200,35,"EGARCH(1,1,1,skewt)",3.110938544331106e-05,2.076546602808743e-05,1.6270735507584936e-05,16.09454289894847,15.519987742617994,-7.974920294439141
50200,36,"EGARCH(1,1,1,skewt)",7.942847312872482e-05,4.815973576244944e-05,3.292528853386301e-05,20.845810348917805,19.750467401690276,-7.4301600430993195
50200,37,"EGARCH(1,1,1,skewt)",7.525786707671551e-05,5.485212227040921e-05,4.194428640572439e-05,19.9759641235538,19.012960430198078,-7.163671335357203
50200,38,"EGARCH(1,1,1,skewt)",4.864989842468509e-05,3.436361507536936e-05,2.664364432531879e-05,18.814515142384174,17.622182360587512,-7.595238905589804
50200,39,"EGARCH(1,1,1,skewt)",0.00010327680379502741,6.987614791225892e-05,5.3516797687698915e-05,20.473418192705513,19.435780870126813,-6.971778239724272
104919,1,"EGARCH(1,1,1,skewt)",0.0001253786843999661,9.544265199337529e-05,7.603290324068986e-05,22.790192890360913,21.381630750248203,-6.764427097591691
104919,2,"EGARCH(1,1,1,skewt)",0.00011192691442329683,8.273048320351963e-05,6.332812406913854e-05,20.221645557578302,19.153480338790548,-6.8225586011644594
104919,3,"EGARCH(1,1,1,skewt)",5.686032679844902e-05,4.271970543610201e-05,3.2958963763511615e-05,18.530161320855346,17.559603172680145,-7.360427727885045
104919,4,"EGARCH(1,1,1,skewt)",0.00018166075222843486,0.00013638000221730573,0.00011254448699969633,18.464454300624517,18.1417174724002,-6.207898676765581
104919,5,"EGARCH(1,1,1,skewt)",6.174049385414396e-05,4.700324377400588e-05,3.68899670204903e-05,20.33964331895998,18.983743756498104,-7.340322296917053
104919,6,"EGARCH(1,1,1,skewt)",7.445579520586936e-05,4.8195510716095e-05,3.5900640858820945e-05,21.941745322655283,20.938928039901864,-7.453150197301547
104919,7,"EGARCH(1,1,1,skewt)",0.00010250042067481039,7.396897171512372e-05,5.5470479989619065e-05,21.277458804527015,20.365722953455094,-6.9659477976472
104919,8,"EGARCH(1,1,1,skewt)",0.0002005523493090082,0.00015368093677678782,0.00012189872291184622,18.442091961288977,17.516286692165032,-6.044350208292499
104919,9,"EGARCH(1,1,1,skewt)",0.00019342720405877178,0.00015624752576227322,0.0001361843784186826,16.372561915787596,15.382611615810399,-5.900750150971337
104919,10,"EGARCH(1,1,1,skewt)",0.00013556250898496514,9.910551828853341e-05,7.491354682596672e-05,23.37233525050139,20.68257752587475,-6.673315500659225
104919,11,"EGARCH(1,1,1,skewt)",0.00011638755672651153,8.548070043500638e-05,7.05977514971358e-05,17.93181824895781,16.951334686360138,-6.619641898292268
104919,12,"EGARCH(1,1,1,skewt)",0.00011910216783419028,9.164037702800477e-05,7.505198160132032e-05,17.913624505516896,17.193286357990118,-6.548587676017336
104919,14,"EGARCH(1,1,1,skewt)",5.9292865062717843e-05,4.0286599593149674e-05,2.8700053630157667e-05,15.819005625717258,15.559272741467822,-7.315976859415411
104919,15,"EGARCH(1,1,1,skewt)",6.613109209339192e-05,4.4588012100628964e-05,3.265513547811735e-05,17.40325897806113,16.729727492743894,-7.301543139772562
104919,16,"EGARCH(1,1,1,skewt)",5.6114170479114466e-05,3.932028758275285e-05,2.905779210572681e-05,18.004358062713116,17.590006494787776,-7.460306928615627
104919,17,"EGARCH(1,1,1,skewt)",0.00010943124671885297,7.741602058135936e-05,5.9757496984552244e-05,21.57206050057712,20.802422571304664,-6.929494577857592
104919,18,"EGARCH(1,1,1,skewt)",8.583224344837524e-05,6.604006271303969e-05,5.565040652013629e-05,19.667821579793852,18.804713385658772,-6.970019998959585
104919,19,"EGARCH(1,1,1,skewt)",7.2810725130308e-05,5.11378701781525e-05,3.689328984293127e-05,18.26970684286121,17.343211341676064,-7.176856797084256
104919,20,"EGARCH(1,1,1,skewt)",9.872604308203462e-05,6.589386600394188e-05,5.122106200050524e-05,19.023757903573944,18.32334890315881,-6.980412465433624
104919,21,"EGARCH(1,1,1,skewt)",7.320180372659565e-05,4.273883470877497e-05,3.0228563740903252e-05,20.58626432969257,19.945354733772618,-7.538495641734993
104919,22,"EGARCH(1,1,1,skewt)",4.662755248044901e-05,3.355791852315718e-05,2.54778570947047e-05,17.406621852460546,16.580093747548627,-7.550821005425179
104919,23,"EGARCH(1,1,1,skewt)",6.333242426260338e-05,3.5554201791471837e-05,2.3649709913681067e-05,18.37546824884949,17.576288486629508,-7.634098182417744
104919,24,"EGARCH(1,1,1,skewt)",9.705502108701396e-05,6.749955665195035e-05,5.132616565913955e-05,19.310049145128158,18.55775624460232,-6.970159049262371
104919,25,"EGARCH(1,1,1,skewt)",9.002628947132249e-05,3.955165301680102e-05,2.678924101613811e-05,17.58437769996391,16.999566523726088,-7.5060043451577165
104919,26,"EGARCH(1,1,1,skewt)",4.6772302959959256e-05,2.797694891833382e-05,1.9675615421625496e-05,16.288169165836674,15.777468899391817,-7.719508078537551
104919,27,"EGARCH(1,1,1,skewt)",5.5441634595793855e-05,3.428391646998977e-05,2.4041405600949293e-05,17.18954181090134,16.808252613603134,-7.585377529775912
104919,28,"EGARCH(1,1,1,skewt)",9.280826144573298e-05,6.520108459292319e-05,4.9152041598011256e-05,19.70296386522575,18.794361699608583,-7.047504268048157
104919,29,"EGARCH(1,1,1,skewt)",4.8750054111609296e-05,3.0076791166918083e-05,2.1748982585866603e-05,14.837375588314108,14.487665768579294,-7.555401500449184
104919,30,"EGARCH(1,1,1,skewt)",6.86398666569519e-05,4.6283578240016386e-05,3.466970910213774e-05,16.712346583506836,16.26064850091114,-7.222264066660981
104919,31,"EGARCH(1,1,1,skewt)",4.52086234650986e-05,3.319672761899755e-05,2.563695927141669e-05,17.16025244789349,16.29333691239485,-7.551416334028859
104919,32,"EGARCH(1,1,1,skewt)",3.531833485025545e-05,2.5931385089575634e-05,1.9937352665594003e-05,17.67805512353775,16.782112406767034,-7.834268944467449
104919,33,"EGARCH(1,1,1,skewt)",6.307160705521536e-05,4.4915426262671705e-05,3.522788498825056e-05,19.70781198849287,18.443651942734505,-7.359273646809223
104919,34,"EGARCH(1,1,1,skewt)",5.485498657611151e-05,3.4056611758366025e-05,2.136296281502533e-05,19.276627542286818,18.07602361453583,-7.776258025155119
104919,35,"EGARCH(1,1,1,skewt)",3.9480807660137454e-05,2.619171430986625e-05,2.021488694440783e-05,16.23701046072941,15.527691358015803,-7.766482845111491
104919,36,"EGARCH(1,1,1,skewt)",9.985875953643883e-05,6.328895788329907e-05,4.0026376476098695e-05,22.74881242789196,21.17365610623143,-7.238466361279916
104919,37,"EGARCH(1,1,1,skewt)",7.751866166178577e-05,5.696523676847435e-05,4.330841690237784e-05,18.94034184348229,17.957746203651766,-7.073158859530939
104919,38,"EGARCH(1,1,1,skewt)",5.825810149102335e-05,4.048368067654284e-05,3.096604163010656e-05,18.54808404137104,17.375460371945433,-7.41611194557086
104919,39,"EGARCH(1,1,1,skewt)",0.00011405874197128712,7.559919341855314e-05,5.520092936479583e-05,19.03622900199382,18.205488645958436,-6.832433178075934
